{"nn_train_loss": [52.49850845336914, 51.69327926635742, 51.72279357910156, 52.205970764160156, 51.92987060546875, 50.62351989746094, 50.51786422729492, 51.56895446777344, 52.07304763793945, 51.28950500488281, 50.81817626953125, 51.09307098388672, 51.66083908081055, 51.607017517089844, 53.38134002685547, 53.17079162597656, 51.13492965698242, 51.42450714111328, 51.48100280761719, 52.030662536621094], "mean_nn_train_loss": 51.69628257751465, "std_nn_train_loss": 0.5263317412785546, "_timestamp": 1647579857, "_runtime": 493, "_step": 3, "svd_train_loss": [93.47040557861328, 90.46571350097656, 90.98705291748047, 90.73474884033203, 90.80353546142578, 88.99534606933594, 87.4814682006836, 89.95562744140625, 92.11746978759766, 89.517333984375, 89.50633239746094, 90.21202087402344, 89.47661590576172, 90.19279479980469, 95.29499816894531, 92.07284545898438, 91.22592163085938, 88.36200714111328, 90.54486083984375, 90.34721374511719], "mean_svd_train_loss": 90.58821563720703, "std_svd_train_loss": 2.8554092906322333, "nn_test_loss": [74.10948944091797, 72.77425384521484, 72.83958435058594, 72.61351013183594, 73.35145568847656, 71.18903350830078, 70.98596954345703, 72.12056732177734, 73.28594970703125, 71.40921783447266, 71.18063354492188, 72.1351547241211, 72.13534545898438, 71.7510757446289, 75.10678100585938, 74.66596221923828, 71.78790283203125, 71.66282653808594, 72.42504119873047, 72.85212707519531], "mean_nn_test_loss": 72.51909637451172, "std_nn_test_loss": 1.2432962656021118, "svd_test_loss": [93.50942993164062, 90.66912078857422, 91.00446319580078, 90.4072036743164, 90.62635040283203, 88.8026351928711, 87.7141342163086, 89.91815185546875, 92.03202819824219, 89.24040222167969, 89.67671203613281, 90.29718780517578, 89.55528259277344, 90.39091491699219, 94.88568115234375, 92.18114471435547, 91.30290985107422, 88.53875732421875, 90.37183380126953, 90.54825592041016], "mean_svd_test_loss": 90.58362579345703, "std_svd_test_loss": 2.6166226863861084, "_wandb": {"runtime": 494}}