{"eval_return": 9.4, "_runtime": 27, "_timestamp": 1633657348, "_step": 53570, "train_critic_loss": 1.0049270391464233, "gradients/layer2.bias": {"_type": "histogram", "values": [1.0, 0.0, 0.0, 0.0, 0.0, 0.0, 0.0, 0.0, 0.0, 0.0, 0.0, 0.0, 0.0, 0.0, 0.0, 0.0, 0.0, 0.0, 0.0, 0.0, 0.0, 0.0, 0.0, 0.0, 0.0, 0.0, 0.0, 0.0, 0.0, 0.0, 0.0, 0.0, 0.0, 0.0, 0.0, 0.0, 0.0, 0.0, 0.0, 0.0, 0.0, 0.0, 0.0, 0.0, 0.0, 0.0, 0.0, 0.0, 0.0, 0.0, 0.0, 0.0, 0.0, 0.0, 0.0, 0.0, 0.0, 0.0, 0.0, 0.0, 0.0, 0.0, 0.0, 1.0], "bins": [-1.4260385036468506, -1.4037566184997559, -1.3814748525619507, -1.359192967414856, -1.3369110822677612, -1.3146291971206665, -1.2923474311828613, -1.2700655460357666, -1.2477836608886719, -1.2255017757415771, -1.203220009803772, -1.1809381246566772, -1.1586562395095825, -1.1363743543624878, -1.1140925884246826, -1.091810703277588, -1.0695288181304932, -1.0472469329833984, -1.0249651670455933, -1.0026832818984985, -0.9804013967514038, -0.9581195712089539, -0.9358377456665039, -0.9135558605194092, -0.891274094581604, -0.868992269039154, -0.8467103838920593, -0.8244285583496094, -0.8021466732025146, -0.7798648476600647, -0.7575830221176147, -0.73530113697052, -0.7130192518234253, -0.6907374262809753, -0.6684555411338806, -0.6461737155914307, -0.6238918304443359, -0.601610004901886, -0.579328179359436, -0.5570462942123413, -0.5347644090652466, -0.5124825835227966, -0.4902006983757019, -0.46791887283325195, -0.4456369876861572, -0.4233551621437073, -0.40107330679893494, -0.3787914514541626, -0.35650962591171265, -0.3342277705669403, -0.31194591522216797, -0.289664089679718, -0.2673822045326233, -0.24510036408901215, -0.222818523645401, -0.20053666830062866, -0.17825481295585632, -0.15597295761108398, -0.13369110226631165, -0.1114092618227005, -0.08912740647792816, -0.06684555113315582, -0.04456371068954468, -0.02228185534477234, 0.0]}, "gradients/layer2.weight": {"_type": "histogram", "values": [1.0, 0.0, 0.0, 0.0, 0.0, 0.0, 0.0, 0.0, 0.0, 0.0, 0.0, 0.0, 0.0, 0.0, 0.0, 0.0, 0.0, 0.0, 0.0, 0.0, 0.0, 0.0, 0.0, 0.0, 0.0, 0.0, 0.0, 0.0, 0.0, 1.0, 0.0, 1.0, 1.0, 0.0, 1.0, 0.0, 0.0, 0.0, 0.0, 0.0, 2.0, 0.0, 0.0, 0.0, 0.0, 0.0, 0.0, 1.0, 2.0, 2.0, 0.0, 0.0, 1.0, 0.0, 1.0, 1.0, 0.0, 0.0, 1.0, 1.0, 0.0, 1.0, 3.0, 39.0], "bins": [-0.65015709400177, -0.6399983763694763, -0.6298396587371826, -0.6196810007095337, -0.60952228307724, -0.5993635654449463, -0.5892048478126526, -0.5790461301803589, -0.56888747215271, -0.5587287545204163, -0.5485700368881226, -0.5384113788604736, -0.5282526612281799, -0.5180939435958862, -0.5079352259635925, -0.4977765381336212, -0.4876178205013275, -0.4774591028690338, -0.4673004150390625, -0.4571416974067688, -0.4469830095767975, -0.4368242919445038, -0.42666560411453247, -0.41650688648223877, -0.40634816884994507, -0.39618945121765137, -0.38603076338768005, -0.37587204575538635, -0.36571335792541504, -0.35555464029312134, -0.34539595246315, -0.3352372348308563, -0.325078547000885, -0.3149198293685913, -0.30476114153862, -0.2946024239063263, -0.284443736076355, -0.2742850184440613, -0.26412633061408997, -0.25396761298179626, -0.24380891025066376, -0.23365020751953125, -0.22349150478839874, -0.21333280205726624, -0.20317408442497253, -0.19301539659500122, -0.18285667896270752, -0.172697976231575, -0.1625392735004425, -0.15238057076931, -0.1422218680381775, -0.13206316530704498, -0.12190445512533188, -0.11174575239419937, -0.10158704221248627, -0.09142833948135376, -0.08126963675022125, -0.07111093401908875, -0.06095222756266594, -0.050793521106243134, -0.040634818375110626, -0.03047611564397812, -0.020317409187555313, -0.010158702731132507, 0.0]}, "gradients/layer1.bias": {"_type": "histogram", "values": [1.0, 0.0, 0.0, 0.0, 1.0, 1.0, 0.0, 0.0, 0.0, 0.0, 0.0, 0.0, 0.0, 1.0, 0.0, 1.0, 0.0, 0.0, 1.0, 0.0, 0.0, 1.0, 0.0, 0.0, 0.0, 0.0, 0.0, 0.0, 1.0, 0.0, 0.0, 1.0, 0.0, 3.0, 7.0, 1.0, 1.0, 0.0, 4.0, 1.0, 0.0, 0.0, 1.0, 1.0, 0.0, 0.0, 0.0, 0.0, 0.0, 1.0, 0.0, 0.0, 0.0, 0.0, 0.0, 0.0, 0.0, 0.0, 0.0, 0.0, 0.0, 0.0, 0.0, 1.0], "bins": [-0.20353558659553528, -0.1975981593132019, -0.19166074693202972, -0.18572331964969635, -0.17978590726852417, -0.1738484799861908, -0.16791105270385742, -0.16197362542152405, -0.15603621304035187, -0.1500987857580185, -0.1441613733768463, -0.13822394609451294, -0.13228651881217957, -0.12634910643100739, -0.12041167914867401, -0.11447425931692123, -0.10853683948516846, -0.10259941965341568, -0.0966619998216629, -0.09072457253932953, -0.08478715270757675, -0.07884973287582397, -0.0729123055934906, -0.06697488576173782, -0.061037465929985046, -0.05510004609823227, -0.049162622541189194, -0.04322519898414612, -0.03728777915239334, -0.031350359320640564, -0.02541293576359749, -0.019475512206554413, -0.013538077473640442, -0.0076006557792425156, -0.0016632340848445892, 0.004274187609553337, 0.010211609303951263, 0.01614903099834919, 0.022086452692747116, 0.02802387624979019, 0.03396129608154297, 0.039898715913295746, 0.04583613947033882, 0.0517735630273819, 0.057710982859134674, 0.06364840269088745, 0.06958582997322083, 0.0755232498049736, 0.08146066963672638, 0.08739808946847916, 0.09333550930023193, 0.09927293658256531, 0.10521035641431808, 0.11114777624607086, 0.11708520352840424, 0.12302262336015701, 0.1289600431919098, 0.13489747047424316, 0.14083488285541534, 0.14677231013774872, 0.1527097225189209, 0.15864714980125427, 0.16458457708358765, 0.17052200436592102, 0.1764594167470932]}, "gradients/layer1.weight": {"_type": "histogram", "values": [1.0, 0.0, 1.0, 0.0, 0.0, 1.0, 0.0, 0.0, 0.0, 0.0, 1.0, 0.0, 1.0, 1.0, 0.0, 2.0, 1.0, 2.0, 1.0, 1.0, 0.0, 5.0, 3.0, 7.0, 7.0, 5.0, 5.0, 8.0, 9.0, 12.0, 11.0, 14.0, 12.0, 39.0, 611.0, 66.0, 24.0, 13.0, 8.0, 9.0, 4.0, 1.0, 1.0, 3.0, 3.0, 3.0, 0.0, 0.0, 0.0, 2.0, 0.0, 0.0, 0.0, 1.0, 0.0, 0.0, 0.0, 0.0, 0.0, 0.0, 0.0, 0.0, 0.0, 1.0], "bins": [-0.18281559646129608, -0.17749102413654327, -0.17216646671295166, -0.16684189438819885, -0.16151732206344604, -0.15619274973869324, -0.15086817741394043, -0.14554361999034882, -0.140219047665596, -0.1348944753408432, -0.1295699179172516, -0.12424534559249878, -0.11892077326774597, -0.11359620094299316, -0.10827163606882095, -0.10294707119464874, -0.09762249886989594, -0.09229792654514313, -0.08697336167097092, -0.0816487967967987, -0.0763242244720459, -0.07099965214729309, -0.06567508727312088, -0.06035051867365837, -0.05502595007419586, -0.04970138147473335, -0.044376812875270844, -0.039052244275808334, -0.033727675676345825, -0.028403107076883316, -0.023078538477420807, -0.017753969877958298, -0.012429401278495789, -0.007104832679033279, -0.0017802640795707703, 0.003544304519891739, 0.008868873119354248, 0.014193441718816757, 0.019518010318279266, 0.024842578917741776, 0.030167147517204285, 0.035491716116666794, 0.0408162847161293, 0.04614085331559181, 0.05146542191505432, 0.05678999051451683, 0.06211455911397934, 0.06743912398815155, 0.07276369631290436, 0.07808826863765717, 0.08341283351182938, 0.08873739838600159, 0.0940619707107544, 0.0993865430355072, 0.10471110790967941, 0.11003567278385162, 0.11536024510860443, 0.12068481743335724, 0.12600937485694885, 0.13133394718170166, 0.13665851950645447, 0.14198309183120728, 0.14730766415596008, 0.1526322215795517, 0.1579567939043045]}, "gradients/layer0.bias": {"_type": "histogram", "values": [1.0, 2.0, 0.0, 0.0, 0.0, 0.0, 0.0, 0.0, 0.0, 0.0, 0.0, 0.0, 0.0, 0.0, 1.0, 1.0, 0.0, 0.0, 0.0, 0.0, 0.0, 0.0, 1.0, 1.0, 0.0, 0.0, 2.0, 11.0, 1.0, 0.0, 1.0, 1.0, 0.0, 1.0, 0.0, 0.0, 1.0, 0.0, 2.0, 1.0, 0.0, 0.0, 1.0, 0.0, 0.0, 0.0, 0.0, 0.0, 0.0, 0.0, 0.0, 0.0, 0.0, 0.0, 0.0, 0.0, 0.0, 0.0, 0.0, 0.0, 0.0, 0.0, 0.0, 1.0],