{"nn_train_loss": [22.80442237854004, 22.91546058654785, 23.020273208618164, 23.49528694152832, 22.87511444091797, 24.104249954223633, 24.353679656982422, 23.076841354370117, 23.214405059814453, 23.500749588012695, 24.153093338012695, 22.08255958557129, 22.549596786499023, 24.571264266967773, 23.84726333618164, 23.560571670532227, 22.340560913085938, 23.07996368408203, 22.48277473449707, 22.56389808654785], "mean_nn_train_loss": 23.22960147857666, "std_nn_train_loss": 0.4690465236214004, "_timestamp": 1647490807, "_runtime": 592, "_step": 3, "svd_train_loss": [19.35783576965332, 19.664640426635742, 19.77813148498535, 19.339275360107422, 19.839372634887695, 21.043441772460938, 20.500974655151367, 20.20844078063965, 20.34063148498535, 20.9244441986084, 20.67283821105957, 19.522907257080078, 19.835739135742188, 21.48688316345215, 20.71129608154297, 20.5341796875, 19.25701141357422, 20.22477912902832, 19.694000244140625, 19.905866622924805], "mean_svd_train_loss": 20.14213447570801, "std_svd_train_loss": 0.3700338994452613, "nn_test_loss": [28.1666259765625, 28.798519134521484, 28.35755729675293, 29.183778762817383, 28.37436866760254, 29.90251922607422, 30.029647827148438, 28.71650505065918, 28.762004852294922, 29.17084312438965, 30.08523941040039, 27.51744270324707, 28.103607177734375, 30.52781105041504, 29.550199508666992, 29.249223709106445, 27.916231155395508, 28.377643585205078, 27.914731979370117, 28.032983779907227], "mean_nn_test_loss": 28.836872100830078, "std_nn_test_loss": 0.6817415356636047, "svd_test_loss": [19.736867904663086, 20.3530330657959, 20.337453842163086, 19.89219856262207, 20.31495475769043, 21.308563232421875, 21.00486946105957, 20.768701553344727, 21.002717971801758, 21.541973114013672, 21.193397521972656, 19.95435333251953, 20.323488235473633, 22.003143310546875, 21.287925720214844, 21.161792755126953, 19.87838363647461, 20.727340698242188, 20.193954467773438, 20.42597007751465], "mean_svd_test_loss": 20.670557022094727, "std_svd_test_loss": 0.3718370199203491, "_wandb": {"runtime": 593}}