{"nn_train_loss": [27.791507720947266, 24.417007446289062, 24.766284942626953, 23.104257583618164, 21.510892868041992, 20.686817169189453, 20.516141891479492, 20.12920570373535, 20.544464111328125, 20.964609146118164, 20.440406799316406, 19.894290924072266, 20.180665969848633, 20.19989585876465, 20.525297164916992, 20.415950775146484, 20.847312927246094, 19.94143295288086, 20.514360427856445, 20.352493286132812], "mean_nn_train_loss": 21.387164783477782, "std_nn_train_loss": 4.009415313152667, "_timestamp": 1647478397, "_runtime": 677, "_step": 3, "svd_train_loss": [37.541507720947266, 32.547794342041016, 31.85650634765625, 29.205488204956055, 28.41520881652832, 26.55213737487793, 24.65009117126465, 23.837060928344727, 23.381986618041992, 23.5543212890625, 22.85898208618164, 22.163015365600586, 22.112180709838867, 22.50128746032715, 23.014324188232422, 22.89510154724121, 23.382251739501953, 22.066757202148438, 22.781679153442383, 22.431901931762695], "mean_svd_train_loss": 25.3874792098999, "std_svd_train_loss": 17.726766509616244, "nn_test_loss": [31.03251075744629, 27.815502166748047, 28.364505767822266, 25.992599487304688, 23.78480339050293, 22.46607208251953, 22.15416145324707, 21.457727432250977, 21.893184661865234, 22.287799835205078, 21.882413864135742, 20.913307189941406, 21.45098304748535, 21.293624877929688, 21.680044174194336, 21.485612869262695, 22.005817413330078, 21.05048179626465, 21.637584686279297, 21.466262817382812], "mean_nn_test_loss": 23.105749130249023, "std_nn_test_loss": 7.744759559631348, "svd_test_loss": [40.381256103515625, 35.05619812011719, 33.90192794799805, 30.72498893737793, 29.879833221435547, 27.31527328491211, 25.085630416870117, 24.150596618652344, 23.645849227905273, 23.781112670898438, 23.242881774902344, 22.26938247680664, 22.39754867553711, 22.656190872192383, 23.282791137695312, 23.149070739746094, 23.69088363647461, 22.351964950561523, 23.092981338500977, 22.686559677124023], "mean_svd_test_loss": 26.137149810791016, "std_svd_test_loss": 25.19943618774414, "_wandb": {"runtime": 679}}