{"eval_return": 93.4, "_runtime": 25, "_timestamp": 1633657742, "_step": 55000, "train_critic_loss": 0.06986476480960846, "gradients/layer2.bias": {"_type": "histogram", "values": [1.0, 0.0, 0.0, 0.0, 0.0, 0.0, 0.0, 0.0, 0.0, 0.0, 0.0, 0.0, 0.0, 0.0, 0.0, 0.0, 0.0, 0.0, 0.0, 0.0, 0.0, 0.0, 0.0, 0.0, 0.0, 0.0, 0.0, 0.0, 0.0, 0.0, 0.0, 0.0, 0.0, 0.0, 0.0, 0.0, 0.0, 0.0, 0.0, 0.0, 0.0, 0.0, 0.0, 0.0, 0.0, 0.0, 0.0, 0.0, 0.0, 0.0, 0.0, 0.0, 0.0, 0.0, 0.0, 0.0, 0.0, 0.0, 0.0, 0.0, 0.0, 0.0, 0.0, 1.0], "bins": [-0.06059315428137779, -0.05977661907672882, -0.05896008759737015, -0.058143552392721176, -0.0573270209133625, -0.05651048570871353, -0.05569395422935486, -0.05487741902470589, -0.054060883820056915, -0.053244348615407944, -0.05242781713604927, -0.0516112819314003, -0.050794750452041626, -0.049978215247392654, -0.04916168376803398, -0.04834514856338501, -0.04752861708402634, -0.046712081879377365, -0.04589555040001869, -0.04507901519536972, -0.04426248371601105, -0.043445948511362076, -0.0426294170320034, -0.04181288182735443, -0.04099635034799576, -0.040179815143346786, -0.03936328366398811, -0.03854674845933914, -0.03773021697998047, -0.0369136817753315, -0.036097150295972824, -0.03528061509132385, -0.03446407988667488, -0.03364754468202591, -0.032831013202667236, -0.032014477998018265, -0.03119794651865959, -0.03038141131401062, -0.029564877972006798, -0.028748344630002975, -0.027931811287999153, -0.02711527794599533, -0.02629874460399151, -0.025482211261987686, -0.024665676057338715, -0.02384914457798004, -0.02303260937333107, -0.022216076031327248, -0.021399542689323425, -0.020583009347319603, -0.01976647600531578, -0.01894994266331196, -0.018133409321308136, -0.017316874116659164, -0.016500340774655342, -0.01568380743265152, -0.014867274090647697, -0.014050740748643875, -0.013234207406640053, -0.012417673133313656, -0.011601139791309834, -0.010784606449306011, -0.009968072175979614, -0.009151538833975792, -0.00833500549197197]}, "gradients/layer2.weight": {"_type": "histogram", "values": [1.0, 0.0, 0.0, 0.0, 1.0, 0.0, 0.0, 1.0, 0.0, 0.0, 1.0, 0.0, 2.0, 0.0, 0.0, 0.0, 0.0, 0.0, 0.0, 0.0, 0.0, 1.0, 0.0, 1.0, 0.0, 0.0, 0.0, 2.0, 0.0, 0.0, 0.0, 0.0, 0.0, 0.0, 0.0, 0.0, 0.0, 0.0, 0.0, 0.0, 2.0, 1.0, 0.0, 0.0, 0.0, 0.0, 0.0, 1.0, 0.0, 1.0, 0.0, 2.0, 2.0, 2.0, 0.0, 0.0, 0.0, 38.0, 0.0, 0.0, 0.0, 0.0, 0.0, 1.0], "bins": [-0.1410733163356781, -0.1385999321937561, -0.1361265629529953, -0.1336531788110733, -0.1311798095703125, -0.1287064254283905, -0.1262330561876297, -0.1237596720457077, -0.1212862953543663, -0.1188129186630249, -0.1163395419716835, -0.1138661652803421, -0.1113927811384201, -0.1089194044470787, -0.1064460277557373, -0.1039726510643959, -0.1014992743730545, -0.0990258976817131, -0.0965525209903717, -0.0940791442990303, -0.0916057676076889, -0.0891323834657669, -0.0866590067744255, -0.0841856300830841, -0.0817122533917427, -0.0792388767004013, -0.0767655000090599, -0.0742921233177185, -0.07181873917579651, -0.06934536248445511, -0.06687198579311371, -0.06439860910177231, -0.06192522495985031, -0.05945184826850891, -0.05697847157716751, -0.05450509116053581, -0.05203171446919441, -0.04955833777785301, -0.047084957361221313, -0.04461158066987991, -0.04213820397853851, -0.03966482728719711, -0.03719145059585571, -0.034718070179224014, -0.032244693487882614, -0.029771316796541214, -0.027297938242554665, -0.024824559688568115, -0.022351182997226715, -0.019877806305885315, -0.017404427751898766, -0.01493105012923479, -0.012457672506570816, -0.009984294883906841, -0.0075109172612428665, -0.005037538707256317, -0.002564162015914917, -9.078439325094223e-05, 0.0023825932294130325, 0.004855970852077007, 0.007329348474740982, 0.009802726097404957, 0.012276103720068932, 0.014749482274055481, 0.01722285896539688]}, "gradients/layer1.bias": {"_type": "histogram", "values": [1.0, 0.0, 0.0, 0.0, 0.0, 0.0, 0.0, 0.0, 0.0, 0.0, 0.0, 0.0, 0.0, 0.0, 0.0, 1.0, 0.0, 0.0, 0.0, 0.0, 1.0, 1.0, 0.0, 0.0, 0.0, 0.0, 0.0, 0.0, 1.0, 0.0, 1.0, 0.0, 0.0, 0.0, 0.0, 1.0, 0.0, 0.0, 1.0, 0.0, 1.0, 0.0, 0.0, 0.0, 1.0, 0.0, 0.0, 0.0, 0.0, 0.0, 19.0, 0.0, 0.0, 0.0, 0.0, 0.0, 0.0, 0.0, 0.0, 0.0, 0.0, 0.0, 0.0, 1.0], "bins": [-0.10496914386749268, -0.10289625823497772, -0.10082338005304337, -0.09875050187110901, -0.09667761623859406, -0.0946047306060791, -0.09253185242414474, -0.09045897424221039, -0.08838608860969543, -0.08631320297718048, -0.08424032479524612, -0.08216744661331177, -0.08009456098079681, -0.07802167534828186, -0.0759487971663475, -0.07387591898441315, -0.0718030333518982, -0.06973014771938324, -0.06765726953744888, -0.06558439135551453, -0.06351150572299957, -0.06143862381577492, -0.05936574190855026, -0.05729286000132561, -0.05521997809410095, -0.0531470961868763, -0.05107421427965164, -0.04900133237242699, -0.04692845046520233, -0.044855568557977676, -0.04278268665075302, -0.040709804743528366, -0.03863692656159401, -0.036564044654369354, -0.0344911627471447, -0.032418280839920044, -0.03034539893269539, -0.028272517025470734, -0.02619963511824608, -0.024126753211021423, -0.022053871303796768, -0.019980989396572113, -0.017908107489347458, -0.015835225582122803, -0.013762343674898148, -0.011689461767673492, -0.009616579860448837, -0.007543697953224182, -0.005470816045999527, -0.003397934138774872, -0.0013250522315502167, 0.0007478296756744385, 0.0028207115828990936, 0.004893593490123749, 0.006966475397348404, 0.009039357304573059, 0.011112239211797714, 0.01318512111902237, 0.015258003026247025, 0.01733088493347168, 0.019403766840696335, 0.02147664874792099, 0.023549530655145645, 0.0256224125623703, 0.027695294469594955]}, "gradients/layer1.weight": {"_type": "histogram", "values": [1.0, 0.0, 0.0, 1.0, 0.0, 0.0, 0.0, 0.0, 0.0, 0.0, 0.0, 0.0, 0.0, 1.0, 4.0, 0.0, 1.0, 1.0, 2.0, 0.0, 1.0, 0.0, 2.0, 3.0, 0.0, 5.0, 1.0, 2.0, 7.0, 3.0, 3.0, 1.0, 2.0, 3.0, 4.0, 5.0, 0.0, 8.0, 6.0, 7.0, 10.0, 5.0, 11.0, 2.0, 12.0, 11.0, 23.0, 703.0, 17.0, 9.0, 7.0, 4.0, 4.0, 0.0, 3.0, 0.0, 1.0, 1.0, 1.0, 0.0, 0.0, 0.0, 0.0, 2.0], "bins": [-0.10734833776950836, -0.10509892553091049, -0.10284951329231262, -0.10060009360313416, -0.09835068136453629, -0.09610126912593842, -0.09385185688734055, -0.09160244464874268, -0.0893530324101448, -0.08710362017154694, -0.08485420793294907, -0.0826047956943512, -0.08035537600517273, -0.07810596376657486, -0.07585655152797699, -0.07360713928937912, -0.07135772705078125, -0.06910831481218338, -0.06685890257358551, -0.06460948288440704, -0.06236007437109947, -0.060110658407211304, -0.057861246168613434, -0.055611833930015564, -0.0533624142408371, -0.05111300200223923, -0.04886358603835106, -0.04661417379975319, -0.04436476156115532, -0.04211534559726715, -0.03986593335866928, -0.03761652112007141, -0.03536710888147354, -0.03311769664287567, -0.030868282541632652, -0.028618868440389633, -0.026369456201791763, -0.024120042100548744, -0.021870627999305725, -0.019621215760707855, -0.017371803522109985, -0.01512239035218954, -0.012872977182269096, -0.010623563081026077, -0.008374149911105633, -0.006124736741185188, -0.003875322639942169, -0.0016259104013442993, 0.000623505562543869, 0.002872918965294957, 0.005122332368046045, 0.007371746003627777, 0.009621159173548222, 0.011870572343468666, 0.014119986444711685, 0.016369398683309555, 0.018618812784552574, 0.020868226885795593, 0.023117639124393463, 0.025367053225636482, 0.0276164673268795, 0.02986587956547737, 0.03211529552936554, 0.03436470776796341, 0.03661412000656128]}, "gradients/layer0.bias": {"_type": "histogram", "values": [1.0, 0.0, 0.0, 0.0, 1.0, 0.0, 0.0, 1.0, 1.0, 2.0, 1.0, 1.0, 1.0, 2.0, 2.0, 1.0, 5.0, 5.0, 2.0, 0.0, 0.0, 0.0, 1.0, 0.0, 0.0, 1.0, 0.0, 0.0, 0.0, 0.0, 1.0, 0.0, 0.0, 0.0, 0.0, 0.0, 0.0, 0.0, 0.0, 0.0, 0.0, 0.0, 0.0, 0.0, 0.0, 0.0, 0.0, 0.0, 0.0, 0.0, 0.0, 0.0, 0.0, 0.0, 0.0, 0.0, 0.0, 0.0, 0.0, 0.0, 0.0, 0.0, 0.0, 1.0],