{"nn_train_loss": [23.414344787597656, 23.870668411254883, 24.73061752319336, 23.967477798461914, 23.73509979248047, 23.984092712402344, 26.728084564208984, 25.04206657409668, 24.61686134338379, 24.546377182006836, 26.090259552001953, 25.458845138549805, 25.61263084411621, 24.203968048095703, 25.46245574951172, 23.811691284179688, 25.19214630126953, 24.67037010192871, 25.852643966674805, 24.92727279663086], "mean_nn_train_loss": 24.795898723602296, "std_nn_train_loss": 0.7489933866229967, "_timestamp": 1647488342, "_runtime": 557, "_step": 3, "svd_train_loss": [41.066078186035156, 41.084129333496094, 43.478633880615234, 41.27764892578125, 41.45964813232422, 42.45207977294922, 47.40644836425781, 43.386962890625, 42.838287353515625, 42.805389404296875, 43.380165100097656, 44.084991455078125, 45.8210334777832, 42.22676086425781, 45.7651252746582, 40.64775848388672, 42.63060760498047, 42.10152816772461, 44.662044525146484, 42.61368942260742], "mean_svd_train_loss": 43.05945053100586, "std_svd_train_loss": 2.987555562811613, "nn_test_loss": [25.93464469909668, 26.04926872253418, 27.436511993408203, 26.582433700561523, 26.195627212524414, 26.641630172729492, 29.748844146728516, 27.607017517089844, 27.204465866088867, 27.204875946044922, 29.043075561523438, 28.135608673095703, 28.533592224121094, 27.077177047729492, 28.46615982055664, 26.245716094970703, 27.77073860168457, 27.326841354370117, 28.477020263671875, 27.69234848022461], "mean_nn_test_loss": 27.468679428100586, "std_nn_test_loss": 1.0348197221755981, "svd_test_loss": [40.91567611694336, 41.2713623046875, 43.44437026977539, 41.06888961791992, 41.72303771972656, 42.679832458496094, 47.44672775268555, 43.75124740600586, 42.972862243652344, 42.923038482666016, 43.47745895385742, 43.809898376464844, 45.74473571777344, 42.158260345458984, 46.26771545410156, 40.46372985839844, 42.38373565673828, 42.1036262512207, 45.2291374206543, 42.530677795410156], "mean_svd_test_loss": 43.11830139160156, "std_svd_test_loss": 3.2833056449890137, "_wandb": {"runtime": 558}}