{"nn_train_loss": [24.700944900512695, 24.734298706054688, 23.870309829711914, 24.406217575073242, 23.921964645385742, 24.17801284790039, 24.07630729675293, 23.800411224365234, 24.729759216308594, 24.763586044311523, 24.943124771118164, 26.055036544799805, 24.761327743530273, 25.233850479125977, 24.097152709960938, 24.082551956176758, 24.44477653503418, 24.515296936035156, 24.05083656311035, 25.10605812072754], "mean_nn_train_loss": 24.523591232299804, "std_nn_train_loss": 0.2924334866560093, "_timestamp": 1647484641, "_runtime": 721, "_step": 3, "svd_train_loss": [43.063785552978516, 43.28904724121094, 42.68029022216797, 44.30316925048828, 42.85187911987305, 43.253997802734375, 43.971866607666016, 43.687801361083984, 45.15263748168945, 41.88679504394531, 44.1955680847168, 48.533103942871094, 42.99176788330078, 45.1601676940918, 42.79612731933594, 42.166770935058594, 44.52104187011719, 42.197418212890625, 44.29267120361328, 42.99253463745117], "mean_svd_train_loss": 43.69942207336426, "std_svd_train_loss": 2.07784949192297, "nn_test_loss": [28.065584182739258, 28.14947509765625, 26.930143356323242, 27.696531295776367, 27.12598991394043, 27.51023292541504, 27.24364471435547, 27.138212203979492, 28.342050552368164, 28.12998390197754, 28.199026107788086, 29.608728408813477, 27.97227668762207, 28.631444931030273, 27.343149185180664, 27.144559860229492, 27.738086700439453, 27.891284942626953, 27.36754035949707, 28.29490852355957], "mean_nn_test_loss": 27.826147079467773, "std_nn_test_loss": 0.3934474587440491, "svd_test_loss": [42.92416000366211, 43.29411697387695, 42.599273681640625, 44.00663757324219, 42.43375015258789, 42.9409294128418, 43.99250793457031, 43.89690399169922, 45.016441345214844, 41.53425598144531, 44.07198715209961, 47.9654655456543, 42.93410873413086, 44.62107467651367, 42.58123016357422, 41.81898880004883, 44.32651901245117, 41.995506286621094, 44.0886344909668, 44.188419342041016], "mean_svd_test_loss": 43.561546325683594, "std_svd_test_loss": 1.933053731918335, "_wandb": {"runtime": 723}}