{"nn_train_loss": [22.45644187927246, 22.730690002441406, 23.100217819213867, 23.311664581298828, 22.94097328186035, 23.553476333618164, 22.45977210998535, 22.019922256469727, 24.197546005249023, 23.29877281188965, 23.389604568481445, 22.120731353759766, 24.436260223388672, 21.80602264404297, 24.45624542236328, 22.75131607055664, 24.60597038269043, 23.49858283996582, 23.50501251220703, 23.137773513793945], "mean_nn_train_loss": 23.18884983062744, "std_nn_train_loss": 0.6272523349387847, "_timestamp": 1647486495, "_runtime": 612, "_step": 3, "svd_train_loss": [19.454214096069336, 19.861326217651367, 19.94412612915039, 20.288469314575195, 19.52486801147461, 20.29471206665039, 19.128910064697266, 18.94912338256836, 20.869272232055664, 20.38713836669922, 20.46600914001465, 19.065744400024414, 20.9361629486084, 18.70488929748535, 21.347209930419922, 19.4376163482666, 21.49733543395996, 19.959657669067383, 20.43709945678711, 20.195819854736328], "mean_svd_train_loss": 20.037485218048097, "std_svd_train_loss": 0.585230230955667, "nn_test_loss": [27.805330276489258, 28.416595458984375, 28.63402557373047, 28.72928810119629, 28.287639617919922, 29.373929977416992, 27.697771072387695, 27.35616111755371, 29.85675048828125, 28.81096076965332, 28.865854263305664, 27.41810417175293, 30.40013313293457, 27.06976318359375, 30.26759910583496, 28.376636505126953, 30.726072311401367, 29.124788284301758, 29.03600311279297, 28.74070930480957], "mean_nn_test_loss": 28.749706268310547, "std_nn_test_loss": 0.9901155233383179, "svd_test_loss": [19.863344192504883, 20.355348587036133, 20.39870834350586, 20.624858856201172, 20.035917282104492, 20.972688674926758, 19.518667221069336, 19.462207794189453, 21.459455490112305, 20.894826889038086, 20.739107131958008, 19.514156341552734, 21.527917861938477, 19.18268585205078, 21.77707290649414, 19.982044219970703, 22.120330810546875, 20.418380737304688, 20.944019317626953, 20.68191909790039], "mean_svd_test_loss": 20.523683547973633, "std_svd_test_loss": 0.6289365291595459, "_wandb": {"runtime": 613}}