{"nn_train_loss": [52.33238983154297, 51.70274353027344, 52.766700744628906, 52.54692459106445, 51.93553924560547, 51.97502517700195, 51.2685432434082, 51.19019317626953, 53.90660858154297, 51.751068115234375, 53.548011779785156, 54.00535583496094, 51.41400146484375, 50.23960876464844, 51.957191467285156, 51.09587478637695, 50.52248764038086, 53.58708572387695, 52.89368438720703, 51.458953857421875], "mean_nn_train_loss": 52.10489959716797, "std_nn_train_loss": 1.1115583223648717, "_timestamp": 1647578089, "_runtime": 818, "_step": 3, "svd_train_loss": [89.39199829101562, 84.05493927001953, 86.69031524658203, 86.70417022705078, 84.75267791748047, 86.59706115722656, 84.16954040527344, 84.06551361083984, 89.00182342529297, 85.31990051269531, 89.3193130493164, 89.99604797363281, 84.98828887939453, 82.7110595703125, 85.80298614501953, 85.99097442626953, 84.7435531616211, 90.5781021118164, 87.03250885009766, 86.10234832763672], "mean_svd_train_loss": 86.4006561279297, "std_svd_train_loss": 4.7004720824572725, "nn_test_loss": [69.15287017822266, 67.75788116455078, 68.97975158691406, 68.9306640625, 67.66165161132812, 67.93063354492188, 66.80708312988281, 66.92549896240234, 70.18128204345703, 67.82362365722656, 70.33500671386719, 70.17467498779297, 67.54901885986328, 65.59109497070312, 67.73570251464844, 66.7927017211914, 65.75454711914062, 70.10031127929688, 69.08879089355469, 67.30937957763672], "mean_nn_test_loss": 68.12910461425781, "std_nn_test_loss": 1.9598639011383057, "svd_test_loss": [89.12732696533203, 84.28886413574219, 86.71652221679688, 86.90608978271484, 84.93083953857422, 86.87242126464844, 84.1312484741211, 84.24248504638672, 89.09553527832031, 85.40902709960938, 89.60421752929688, 89.74325561523438, 85.13239288330078, 82.68628692626953, 85.93328857421875, 85.99819946289062, 84.40501403808594, 90.49816131591797, 87.28069305419922, 86.07241821289062], "mean_svd_test_loss": 86.4537124633789, "std_svd_test_loss": 4.575271129608154, "_wandb": {"runtime": 819}}