{"nn_train_loss": [25.90595054626465, 27.7575626373291, 27.741191864013672, 28.572710037231445, 27.241514205932617, 26.85854148864746, 25.276212692260742, 28.526697158813477, 26.975576400756836, 28.614030838012695, 27.16326332092285, 26.965524673461914, 27.501583099365234, 29.41797637939453, 24.384307861328125, 25.718708038330078, 27.771812438964844, 24.703441619873047, 25.211519241333008, 27.54084014892578], "mean_nn_train_loss": 26.992448234558104, "std_nn_train_loss": 1.8374702604389672, "_timestamp": 1647578631, "_runtime": 622, "_step": 3, "svd_train_loss": [38.7089958190918, 41.82756805419922, 41.58992385864258, 41.94749069213867, 40.96872329711914, 40.1434326171875, 37.62129592895508, 43.0880241394043, 41.03724670410156, 42.50533676147461, 39.81748580932617, 40.304954528808594, 40.79534912109375, 44.15639114379883, 36.47216033935547, 39.266822814941406, 40.83755111694336, 37.12030792236328, 37.2246208190918, 40.498050689697266], "mean_svd_train_loss": 40.29658660888672, "std_svd_train_loss": 4.051814968264662, "nn_test_loss": [26.095367431640625, 27.856801986694336, 27.714643478393555, 28.757036209106445, 27.20575523376465, 26.934696197509766, 25.453628540039062, 28.537315368652344, 26.9770565032959, 28.620264053344727, 27.328609466552734, 27.002599716186523, 27.640090942382812, 29.660255432128906, 24.381450653076172, 25.86397933959961, 27.954757690429688, 24.751314163208008, 25.273662567138672, 27.555469512939453], "mean_nn_test_loss": 27.078235626220703, "std_nn_test_loss": 1.872693657875061, "svd_test_loss": [38.821136474609375, 41.8318977355957, 41.40607833862305, 41.97281265258789, 40.84718704223633, 40.10771942138672, 37.80460739135742, 42.97710418701172, 40.85605239868164, 42.30335998535156, 39.89163589477539, 40.215423583984375, 40.77016830444336, 44.3995246887207, 36.341880798339844, 39.304569244384766, 40.834957122802734, 36.98387908935547, 37.12804412841797, 40.53139114379883], "mean_svd_test_loss": 40.2664680480957, "std_svd_test_loss": 4.092111587524414, "_wandb": {"runtime": 624}}