{"nn_train_loss": [24.780609130859375, 25.14507484436035, 26.59502410888672, 27.047883987426758, 26.28091812133789, 27.469951629638672, 27.407331466674805, 28.44937515258789, 27.108951568603516, 29.582225799560547, 28.934520721435547, 29.240659713745117, 28.604623794555664, 28.369264602661133, 30.41982650756836, 27.929603576660156, 27.30989646911621, 27.30633544921875, 28.331275939941406, 29.824350357055664], "mean_nn_train_loss": 27.806885147094725, "std_nn_train_loss": 2.0453451579937245, "_timestamp": 1647473144, "_runtime": 605, "_step": 3, "svd_train_loss": [21.58978843688965, 21.090673446655273, 21.575136184692383, 20.96087646484375, 20.343650817871094, 21.16562271118164, 21.024845123291016, 21.571575164794922, 20.500213623046875, 22.48855209350586, 21.5355281829834, 21.80459213256836, 20.928756713867188, 20.070775985717773, 22.424312591552734, 20.149459838867188, 19.99321746826172, 19.891054153442383, 20.56022071838379, 21.228208541870117], "mean_svd_train_loss": 21.044853019714356, "std_svd_train_loss": 0.5471448235984645, "nn_test_loss": [30.478843688964844, 30.140348434448242, 31.70328712463379, 32.04564666748047, 30.957632064819336, 31.687110900878906, 31.617982864379883, 32.760459899902344, 30.947174072265625, 34.068199157714844, 32.8889274597168, 32.84442138671875, 32.042579650878906, 32.00153732299805, 33.99256896972656, 31.109819412231445, 30.472627639770508, 30.281871795654297, 31.28057289123535, 32.64057922363281], "mean_nn_test_loss": 31.798107147216797, "std_nn_test_loss": 1.2411129474639893, "svd_test_loss": [22.153125762939453, 21.251075744628906, 22.049409866333008, 21.52861213684082, 20.837400436401367, 21.763412475585938, 21.461280822753906, 22.360734939575195, 20.975563049316406, 23.239887237548828, 22.27430534362793, 22.384010314941406, 21.366500854492188, 20.78681182861328, 23.054187774658203, 20.37062644958496, 20.472990036010742, 20.496309280395508, 20.884235382080078, 21.46183967590332], "mean_svd_test_loss": 21.558618545532227, "std_svd_test_loss": 0.6658376455307007, "_wandb": {"runtime": 606}}