{"nn_train_loss": [17.10167121887207, 16.668018341064453, 21.55834197998047, 18.259185791015625, 22.12920570373535, 19.609107971191406, 17.809476852416992, 18.97593116760254, 17.867948532104492, 20.97681999206543, 18.308176040649414, 19.964508056640625, 17.330114364624023, 19.88155174255371, 18.100984573364258, 18.499351501464844, 18.101409912109375, 19.946044921875, 21.38343620300293, 19.571392059326172], "mean_nn_train_loss": 19.10213384628296, "std_nn_train_loss": 2.3220227195995813, "_timestamp": 1647487767, "_runtime": 622, "_step": 3, "svd_train_loss": [19.708248138427734, 19.107940673828125, 21.826322555541992, 19.703500747680664, 21.102283477783203, 19.91982650756836, 20.899572372436523, 20.147457122802734, 21.99869728088379, 20.557815551757812, 20.640283584594727, 20.918615341186523, 21.192895889282227, 21.442209243774414, 21.121234893798828, 20.542348861694336, 20.89322853088379, 21.016460418701172, 20.31098747253418, 20.75691032409668], "mean_svd_train_loss": 20.69034194946289, "std_svd_train_loss": 0.49699825914794926, "nn_test_loss": [19.077831268310547, 18.901891708374023, 25.33452033996582, 20.59904670715332, 26.408119201660156, 22.538063049316406, 19.94900894165039, 21.66373634338379, 19.776071548461914, 25.051843643188477, 20.882883071899414, 22.943193435668945, 19.206388473510742, 22.648731231689453, 20.389995574951172, 20.9654483795166, 20.177045822143555, 22.852846145629883, 25.321977615356445, 22.62458038330078], "mean_nn_test_loss": 21.86566162109375, "std_nn_test_loss": 4.932980537414551, "svd_test_loss": [20.262231826782227, 19.686925888061523, 22.31395721435547, 20.131399154663086, 21.625621795654297, 20.42149543762207, 21.45218849182129, 20.681243896484375, 22.55796241760254, 21.161724090576172, 21.259307861328125, 21.365821838378906, 21.75532341003418, 21.94189453125, 21.620452880859375, 21.117048263549805, 21.37447738647461, 21.484668731689453, 20.834331512451172, 21.385089874267578], "mean_svd_test_loss": 21.22165870666504, "std_svd_test_loss": 0.4930301606655121, "_wandb": {"runtime": 623}}