{"nn_train_loss": [25.45943832397461, 24.204099655151367, 25.27289581298828, 24.275075912475586, 26.77295684814453, 24.766599655151367, 25.278331756591797, 25.250959396362305, 24.445125579833984, 24.649948120117188, 26.84416389465332, 25.23994255065918, 25.390338897705078, 25.662519454956055, 27.134748458862305, 24.387853622436523, 25.793880462646484, 24.716354370117188, 23.999311447143555, 25.20140266418457], "mean_nn_train_loss": 25.237297344207764, "std_nn_train_loss": 0.7410687713837525, "_timestamp": 1647507539, "_runtime": 10511, "_step": 3, "svd_train_loss": [44.5868034362793, 40.83655548095703, 43.9880256652832, 41.90391540527344, 46.223838806152344, 41.74456024169922, 43.44900894165039, 42.832698822021484, 42.70281219482422, 42.404754638671875, 45.946964263916016, 44.34114074707031, 44.99049377441406, 47.30046081542969, 47.70441436767578, 41.782779693603516, 45.11096954345703, 43.47749328613281, 41.235782623291016, 43.241207122802734], "mean_svd_train_loss": 43.79023399353027, "std_svd_train_loss": 3.696770082029834, "nn_test_loss": [28.081146240234375, 26.758209228515625, 27.86297607421875, 26.837947845458984, 29.321552276611328, 27.379621505737305, 27.67072868347168, 28.002723693847656, 26.839040756225586, 27.303707122802734, 29.559999465942383, 27.80169105529785, 28.449745178222656, 28.74057960510254, 29.803760528564453, 27.00299644470215, 28.480941772460938, 27.25330352783203, 26.643943786621094, 28.085002899169922], "mean_nn_test_loss": 27.893978118896484, "std_nn_test_loss": 0.8435806035995483, "svd_test_loss": [44.37437438964844, 40.9254150390625, 44.0781364440918, 41.5189208984375, 46.17540740966797, 42.097625732421875, 43.434593200683594, 43.00600814819336, 42.70199966430664, 42.93931198120117, 45.94599914550781, 44.21538543701172, 45.203365325927734, 47.185882568359375, 47.76040267944336, 41.7752685546875, 45.705867767333984, 43.63064956665039, 41.31465148925781, 44.77067947387695], "mean_svd_test_loss": 43.9379997253418, "std_svd_test_loss": 3.675997257232666}