{"nn_train_loss": [61.81916046142578, 64.12955474853516, 63.606483459472656, 62.33707046508789, 63.0124626159668, 62.566829681396484, 63.10093688964844, 62.064754486083984, 64.13459014892578, 63.74882507324219, 63.4648323059082, 63.55978775024414, 64.7550048828125, 62.120643615722656, 63.4669189453125, 63.97111129760742, 63.05172348022461, 62.10874938964844, 61.75364303588867, 62.02228927612305], "mean_nn_train_loss": 63.039768600463866, "std_nn_train_loss": 0.7608389742772852, "_timestamp": 1647582851, "_runtime": 490, "_step": 3, "svd_train_loss": [89.8783187866211, 93.05888366699219, 92.57759857177734, 90.91265106201172, 91.6722183227539, 91.54393768310547, 91.38572692871094, 90.92758178710938, 94.2163314819336, 92.15425872802734, 91.45618438720703, 92.69181823730469, 93.91778564453125, 90.52835083007812, 91.80384063720703, 92.83539581298828, 90.29164123535156, 88.736572265625, 90.11000061035156, 89.35208129882812], "mean_svd_train_loss": 91.50255889892578, "std_svd_train_loss": 2.023745725998888, "nn_test_loss": [76.30254364013672, 78.85467529296875, 78.4565200805664, 76.86515808105469, 77.74958038330078, 77.53358459472656, 77.92063903808594, 77.06090545654297, 79.41313934326172, 78.29335021972656, 77.7106704711914, 78.66508483886719, 79.75489807128906, 76.64921569824219, 78.29283142089844, 78.97947692871094, 77.46528625488281, 76.29168701171875, 76.13534545898438, 76.4942398071289], "mean_nn_test_loss": 77.74444580078125, "std_nn_test_loss": 1.1238666772842407, "svd_test_loss": [89.7049789428711, 93.10836791992188, 92.5410385131836, 91.04517364501953, 91.91399383544922, 91.41378021240234, 91.54635620117188, 91.30989837646484, 94.24774932861328, 92.34117126464844, 91.39825439453125, 92.7820816040039, 94.1180419921875, 90.58981323242188, 91.92374420166016, 92.69029235839844, 90.11881256103516, 88.64739227294922, 90.16597747802734, 89.6045150756836], "mean_svd_test_loss": 91.56056213378906, "std_svd_test_loss": 2.0925779342651367, "_wandb": {"runtime": 491}}