{"train_loss": 0.11172845959663391, "_runtime": 26, "_timestamp": 1633655841, "_step": 14660, "eval_return": 12.8, "gradients/layer2.bias": {"_type": "histogram", "values": [1.0, 0.0, 0.0, 0.0, 0.0, 0.0, 0.0, 0.0, 0.0, 0.0, 0.0, 0.0, 0.0, 0.0, 0.0, 0.0, 0.0, 0.0, 0.0, 0.0, 0.0, 0.0, 0.0, 0.0, 0.0, 0.0, 0.0, 0.0, 0.0, 0.0, 0.0, 0.0, 0.0, 0.0, 0.0, 0.0, 0.0, 0.0, 0.0, 0.0, 0.0, 0.0, 0.0, 0.0, 0.0, 0.0, 0.0, 0.0, 0.0, 0.0, 0.0, 0.0, 0.0, 0.0, 0.0, 0.0, 0.0, 0.0, 0.0, 0.0, 0.0, 0.0, 0.0, 1.0], "bins": [-0.048953019082546234, -0.047423236072063446, -0.04589345306158066, -0.04436367005109787, -0.04283389076590538, -0.04130410775542259, -0.039774324744939804, -0.038244541734457016, -0.036714762449264526, -0.03518497943878174, -0.03365519642829895, -0.03212541341781616, -0.030595634132623672, -0.029065851122140884, -0.027536068111658096, -0.026006285101175308, -0.02447650209069252, -0.022946719080209732, -0.021416937932372093, -0.019887154921889305, -0.018357373774051666, -0.016827590763568878, -0.01529780775308609, -0.013768025673925877, -0.012238241732120514, -0.0107084596529603, -0.009178677573800087, -0.007648894563317299, -0.006119112484157085, -0.004589330404996872, -0.003059547394514084, -0.0015297653153538704, 1.862645149230957e-08, 0.0015298009384423494, 0.0030595832504332066, 0.004589365795254707, 0.006119147874414921, 0.007648929953575134, 0.009178712964057922, 0.010708495043218136, 0.0122382752597332, 0.013768057338893414, 0.015297839418053627, 0.016827622428536415, 0.018357403576374054, 0.019887186586856842, 0.02141696959733963, 0.022946752607822418, 0.024476535618305206, 0.026006318628787994, 0.027536099776625633, 0.02906588278710842, 0.03059566393494606, 0.03212544694542885, 0.033655229955911636, 0.035185012966394424, 0.036714792251586914, 0.0382445752620697, 0.03977435827255249, 0.04130414128303528, 0.04283392056822777, 0.044363703578710556, 0.045893486589193344, 0.04742326959967613, 0.04895305261015892]}, "gradients/layer2.weight": {"_type": "histogram", "values": [1.0, 3.0, 0.0, 2.0, 1.0, 1.0, 2.0, 0.0, 1.0, 0.0, 3.0, 3.0, 5.0, 3.0, 6.0, 4.0, 5.0, 9.0, 7.0, 11.0, 17.0, 16.0, 16.0, 13.0, 10.0, 8.0, 7.0, 0.0, 0.0, 0.0, 0.0, 204.0, 0.0, 0.0, 0.0, 0.0, 0.0, 7.0, 8.0, 10.0, 13.0, 16.0, 16.0, 17.0, 11.0, 7.0, 9.0, 5.0, 4.0, 6.0, 3.0, 5.0, 3.0, 3.0, 0.0, 1.0, 0.0, 2.0, 1.0, 1.0, 2.0, 0.0, 3.0, 1.0], "bins": [-0.032657284289598465, -0.03163674473762512, -0.03061620332300663, -0.029595661908388138, -0.028575122356414795, -0.027554582804441452, -0.02653404138982296, -0.025513499975204468, -0.024492960423231125, -0.023472420871257782, -0.02245187945663929, -0.021431338042020798, -0.020410798490047455, -0.019390258938074112, -0.01836971752345562, -0.017349176108837128, -0.016328636556863785, -0.015308096073567867, -0.01428755559027195, -0.013267015106976032, -0.012246474623680115, -0.011225934140384197, -0.01020539365708828, -0.009184853173792362, -0.008164312690496445, -0.007143772207200527, -0.00612323172390461, -0.005102691240608692, -0.004082150757312775, -0.003061610274016857, -0.0020410697907209396, -0.0010205293074250221, 1.1175870895385742e-08, 0.001020551659166813, 0.0020410921424627304, 0.003061632625758648, 0.004082173109054565, 0.005102713592350483, 0.0061232540756464005, 0.007143794558942318, 0.008164335042238235, 0.009184875525534153, 0.01020541600883007, 0.011225956492125988, 0.012246496975421906, 0.013267037458717823, 0.01428757794201374, 0.015308118425309658, 0.016328658908605576, 0.01734919846057892, 0.01836973987519741, 0.019390281289815903, 0.020410820841789246, 0.02143136039376259, 0.02245190180838108, 0.023472443222999573, 0.024492982774972916, 0.02551352232694626, 0.02653406374156475, 0.027554605156183243, 0.028575144708156586, 0.02959568426012993, 0.03061622567474842, 0.03163676708936691, 0.032657306641340256]}, "gradients/layer1.bias": {"_type": "histogram", "values": [1.0, 0.0, 0.0, 0.0, 0.0, 0.0, 0.0, 0.0, 0.0, 1.0, 0.0, 0.0, 1.0, 0.0, 0.0, 2.0, 1.0, 1.0, 6.0, 12.0, 11.0, 14.0, 15.0, 14.0, 6.0, 1.0, 0.0, 0.0, 0.0, 0.0, 0.0, 0.0, 0.0, 0.0, 0.0, 0.0, 0.0, 0.0, 102.0, 0.0, 0.0, 0.0, 0.0, 0.0, 0.0, 0.0, 0.0, 0.0, 0.0, 0.0, 0.0, 0.0, 0.0, 0.0, 3.0, 5.0, 11.0, 15.0, 13.0, 9.0, 5.0, 3.0, 1.0, 3.0], "bins": [-0.026322346180677414, -0.025645827874541283, -0.02496930956840515, -0.02429279126226902, -0.02361627295613289, -0.02293975278735161, -0.022263234481215477, -0.021586716175079346, -0.020910197868943214, -0.020233679562807083, -0.019557161256670952, -0.01888064295053482, -0.01820412278175354, -0.01752760447561741, -0.016851086169481277, -0.016174567863345146, -0.015498049557209015, -0.014821531251072884, -0.014145012944936752, -0.013468493707478046, -0.012791975401341915, -0.012115457095205784, -0.011438937857747078, -0.010762419551610947, -0.010085901245474815, -0.009409382939338684, -0.008732864633202553, -0.008056345395743847, -0.007379827089607716, -0.006703308783471584, -0.006026790011674166, -0.005350271239876747, -0.004673751071095467, -0.003997232764959335, -0.0033207139931619167, -0.002644195454195142, -0.001967676915228367, -0.001291158376261592, -0.000614639837294817, 6.187893450260162e-05, 0.0007383972406387329, 0.0014149157796055079, 0.002091434318572283, 0.0027679528575390577, 0.0034444713965058327, 0.004120989702641964, 0.0047975084744393826, 0.005474027246236801, 0.0061505455523729324, 0.006827063858509064, 0.007503582630306482, 0.008180101402103901, 0.008856619708240032, 0.009533138014376163, 0.01020965725183487, 0.010886175557971, 0.011562693864107132, 0.012239212170243263, 0.012915730476379395, 0.0135922497138381, 0.014268768019974232, 0.014945286326110363, 0.015621805563569069, 0.0162983238697052, 0.01697484217584133]}, "gradients/layer1.weight": {"_type": "histogram", "values": [1.0, 1.0, 0.0, 1.0, 0.0, 0.0, 3.0, 0.0, 0.0, 6.0, 3.0, 2.0, 3.0, 4.0, 9.0, 9.0, 11.0, 9.0, 18.0, 35.0, 48.0, 77.0, 94.0, 160.0, 242.0, 290.0, 430.0, 550.0, 580.0, 633.0, 550.0, 554.0, 513.0, 592.0, 1099.0, 1125.0, 1184.0, 3275.0, 43225.0, 816.0, 2419.0, 869.0, 730.0, 916.0, 532.0, 328.0, 367.0, 429.0, 400.0, 415.0, 464.0, 413.0, 319.0, 251.0, 166.0, 132.0, 78.0, 66.0, 41.0, 24.0, 12.0, 6.0, 2.0, 5.0], "bins": [-0.026515256613492966, -0.025833845138549805, -0.025152433663606644, -0.024471022188663483, -0.023789608851075172, -0.02310819737613201, -0.02242678590118885, -0.02174537442624569, -0.02106396108865738, -0.020382549613714218, -0.019701138138771057, -0.019019726663827896, -0.018338313326239586, -0.017656901851296425, -0.016975490376353264, -0.016294078901410103, -0.015612667426466942, -0.01493125595152378, -0.014249843545258045, -0.013568432070314884, -0.012887019664049149, -0.012205608189105988, -0.011524196714162827, -0.010842785239219666, -0.010161373764276505, -0.009479962289333344, -0.008798549883067608, -0.008117138408124447, -0.0074357264675199986, -0.00675431452691555, -0.006072903051972389, -0.005391491111367941, -0.004710078239440918, -0.00402866629883647, -0.003347254591062665, -0.0026658428832888603, -0.001984430942684412, -0.0013030190020799637, -0.0006216075271368027, 5.9804413467645645e-05, 0.0007412172853946686, 0.001422629109583795, 0.0021040409337729216, 0.0027854526415467262, 0.0034668645821511745, 0.004148276522755623, 0.004829687997698784, 0.005511099938303232, 0.006192510947585106, 0.006873922888189554, 0.0075553348287940025, 0.008236746303737164, 0.0089181587100029, 0.00959957018494606, 0.010280981659889221, 0.010962393134832382, 0.011643805541098118, 0.012325217016041279, 0.013006629422307014, 0.013688040897250175, 0.014369452372193336, 0.015050864778459072, 0.015732277184724808, 0.01641368865966797, 0.01709510013461113]}, "gradients/layer0.bias": {"_type": "histogram", "values": [1.0, 0.0, 1.0, 0.0, 2.0, 0.0, 4.0, 0.0, 2.0, 3.0, 2.0, 4.0, 5.0, 4.0, 3.0, 5.0, 6.0, 4.0, 5.0, 4.0, 5.0, 3.0, 3.0, 6.0, 3.0, 4.0, 3.0, 108.0, 1.0, 4.0, 2.0, 2.0, 1.0, 2.0, 6.0, 4.0, 6.0, 3.0, 7.0, 3.0, 3.0, 4.0, 5.0, 3.0, 0.0, 0.0, 0.0, 0.0, 1.0, 1.0, 0.0, 1.0, 0.0, 1.0, 0.0, 1.0, 0.0, 2.0, 0.0, 0.0, 1.0, 1.0, 0.0, 1.0],