{"nn_train_loss": [21.438941955566406, 21.75289535522461, 20.345226287841797, 21.371389389038086, 22.616439819335938, 20.38224983215332, 20.937084197998047, 22.589609146118164, 21.355239868164062, 21.97747230529785, 21.350509643554688, 21.90666389465332, 22.865455627441406, 23.118507385253906, 23.842199325561523, 23.3690185546875, 21.475500106811523, 21.83479881286621, 22.37286376953125, 20.918569564819336], "mean_nn_train_loss": 21.891031742095947, "std_nn_train_loss": 0.8736000373940896, "_timestamp": 1647493341, "_runtime": 627, "_step": 3, "svd_train_loss": [26.774574279785156, 25.08371925354004, 24.26203155517578, 25.877817153930664, 26.624662399291992, 24.832979202270508, 26.153423309326172, 25.382850646972656, 26.069276809692383, 25.615816116333008, 25.8066349029541, 25.580766677856445, 26.537504196166992, 25.327123641967773, 29.000486373901367, 26.31195640563965, 24.15484046936035, 24.442113876342773, 26.43675994873047, 25.14240264892578], "mean_svd_train_loss": 25.770886993408205, "std_svd_train_loss": 1.1273501560989099, "nn_test_loss": [24.47020721435547, 25.29313087463379, 23.3404598236084, 24.689529418945312, 26.812265396118164, 23.497316360473633, 23.81757926940918, 26.634159088134766, 24.656843185424805, 25.411941528320312, 24.62462615966797, 25.48875617980957, 26.931055068969727, 27.058820724487305, 27.628740310668945, 27.23109245300293, 25.255220413208008, 25.457395553588867, 26.076032638549805, 24.045764923095703], "mean_nn_test_loss": 25.42104721069336, "std_nn_test_loss": 1.6074097156524658, "svd_test_loss": [28.520450592041016, 26.432132720947266, 25.569988250732422, 27.557580947875977, 28.671337127685547, 26.458744049072266, 27.41966438293457, 26.58918571472168, 27.8035945892334, 27.023027420043945, 27.53040313720703, 27.085294723510742, 28.123260498046875, 26.547529220581055, 31.012449264526367, 27.578794479370117, 25.386150360107422, 25.633329391479492, 27.933731079101562, 26.70961570739746], "mean_svd_test_loss": 27.279308319091797, "std_svd_test_loss": 1.5562766790390015, "_wandb": {"runtime": 629}}