{"nn_train_loss": [53.14885330200195, 51.44474411010742, 53.01558303833008, 51.74924087524414, 52.497352600097656, 52.34272766113281, 53.730918884277344, 52.45036697387695, 52.972496032714844, 52.86223602294922, 52.77170944213867, 51.541202545166016, 53.11248779296875, 53.112876892089844, 52.98009490966797, 53.162715911865234, 51.79740524291992, 53.157470703125, 51.83910369873047, 54.13054656982422], "mean_nn_train_loss": 52.691006660461426, "std_nn_train_loss": 0.49830691187944465, "_timestamp": 1647580358, "_runtime": 496, "_step": 3, "svd_train_loss": [92.04470825195312, 89.15046691894531, 90.67542266845703, 89.1126708984375, 90.2383041381836, 92.3033218383789, 92.91627502441406, 91.21501159667969, 91.69041442871094, 92.0428466796875, 89.96287536621094, 89.4178237915039, 91.87101745605469, 91.97531127929688, 91.35641479492188, 91.47605895996094, 89.46761322021484, 91.9048080444336, 87.77364349365234, 92.23351287841797], "mean_svd_train_loss": 90.94142608642578, "std_svd_train_loss": 1.8206297234538944, "nn_test_loss": [75.23572540283203, 73.2796401977539, 75.59452056884766, 73.31320190429688, 73.94766998291016, 74.78197479248047, 76.57907104492188, 74.7603759765625, 75.33633422851562, 75.22087860107422, 74.74250030517578, 73.0931625366211, 75.29371643066406, 75.3943862915039, 74.90847778320312, 75.00287628173828, 73.548095703125, 75.39067840576172, 73.292236328125, 75.95165252685547], "mean_nn_test_loss": 74.73335266113281, "std_nn_test_loss": 0.9347504377365112, "svd_test_loss": [91.91963958740234, 89.28385925292969, 91.06063079833984, 89.39190673828125, 90.48050689697266, 92.35923767089844, 92.85858154296875, 91.15388488769531, 91.70507049560547, 92.3055419921875, 89.9122085571289, 89.53397369384766, 91.69341278076172, 92.13652801513672, 91.41541290283203, 91.59523010253906, 89.4005126953125, 91.9684829711914, 88.2247314453125, 92.04843139648438], "mean_svd_test_loss": 91.02238464355469, "std_svd_test_loss": 1.6048504114151, "_wandb": {"runtime": 497}}