{"nn_train_loss": [22.793720245361328, 19.380237579345703, 17.34171485900879, 18.600183486938477, 18.428007125854492, 17.937353134155273, 17.92759132385254, 18.74381446838379, 19.50712776184082, 19.188724517822266, 19.4465389251709, 18.51402473449707, 19.31328582763672, 18.649232864379883, 18.67384910583496, 20.27643585205078, 19.99456787109375, 21.186559677124023, 20.974428176879883, 20.00628089904785], "mean_nn_train_loss": 19.344183921813965, "std_nn_train_loss": 1.5557940121705542, "_timestamp": 1647477052, "_runtime": 627, "_step": 3, "svd_train_loss": [28.059494018554688, 22.298423767089844, 20.165813446044922, 21.477352142333984, 21.16496467590332, 21.186784744262695, 20.756675720214844, 21.175586700439453, 22.0029239654541, 21.130916595458984, 21.278039932250977, 20.696409225463867, 21.564876556396484, 20.614343643188477, 19.991106033325195, 22.4029598236084, 21.657894134521484, 22.828872680664062, 22.289915084838867, 21.72104835510254], "mean_svd_train_loss": 21.72322006225586, "std_svd_train_loss": 2.6372563471389734, "nn_test_loss": [26.586503982543945, 21.646400451660156, 19.3929500579834, 20.513776779174805, 20.096477508544922, 19.580398559570312, 19.524097442626953, 20.603120803833008, 21.226648330688477, 20.743289947509766, 21.252899169921875, 20.12140655517578, 20.98442840576172, 19.94631576538086, 20.244335174560547, 21.775279998779297, 21.730606079101562, 22.81129264831543, 22.414104461669922, 21.51840591430664], "mean_nn_test_loss": 21.135635375976562, "std_nn_test_loss": 2.4282050132751465, "svd_test_loss": [30.432531356811523, 22.720577239990234, 20.548715591430664, 21.755199432373047, 21.35317611694336, 21.47371482849121, 20.999706268310547, 21.55022430419922, 22.224082946777344, 21.287744522094727, 21.59642219543457, 21.09870719909668, 21.87480926513672, 20.736553192138672, 20.375608444213867, 22.734642028808594, 22.124536514282227, 23.092039108276367, 22.343830108642578, 22.024076461791992], "mean_svd_test_loss": 22.117345809936523, "std_svd_test_loss": 4.153285503387451, "_wandb": {"runtime": 629}}