{"nn_train_loss": [23.744184494018555, 23.504501342773438, 23.271068572998047, 22.350595474243164, 22.856719970703125, 22.59812355041504, 22.036914825439453, 22.543712615966797, 24.374954223632812, 24.172046661376953, 23.504865646362305, 21.50942611694336, 24.141952514648438, 23.679637908935547, 22.454540252685547, 23.107534408569336, 23.44041633605957, 22.72920799255371, 22.6337833404541, 23.36610984802246], "mean_nn_train_loss": 23.101014804840087, "std_nn_train_loss": 0.5384306646662571, "_timestamp": 1647494028, "_runtime": 681, "_step": 3, "svd_train_loss": [29.01633071899414, 28.738271713256836, 28.190515518188477, 27.4193115234375, 29.045669555664062, 28.366146087646484, 26.722232818603516, 27.512380599975586, 30.12123680114746, 29.260679244995117, 29.578155517578125, 26.29131507873535, 29.117752075195312, 29.48154067993164, 28.50674819946289, 28.555435180664062, 28.358158111572266, 27.694820404052734, 27.82185173034668, 28.669151306152344], "mean_svd_train_loss": 28.42338514328003, "std_svd_train_loss": 0.8837000820745289, "nn_test_loss": [27.748205184936523, 27.540267944335938, 27.134410858154297, 26.040437698364258, 26.56495475769043, 26.317476272583008, 25.631515502929688, 26.20692253112793, 28.188114166259766, 28.357452392578125, 27.415454864501953, 25.112695693969727, 28.328792572021484, 27.713441848754883, 26.204395294189453, 27.215591430664062, 27.407794952392578, 26.759607315063477, 26.436992645263672, 27.430593490600586], "mean_nn_test_loss": 26.98775863647461, "std_nn_test_loss": 0.7806897759437561, "svd_test_loss": [31.370357513427734, 31.15921401977539, 30.392606735229492, 29.565671920776367, 31.39347267150879, 30.57102394104004, 29.0205078125, 29.914960861206055, 32.372806549072266, 31.6444034576416, 31.665437698364258, 28.337797164916992, 31.442779541015625, 32.0841064453125, 30.807188034057617, 30.88913917541504, 30.628341674804688, 29.777297973632812, 30.3221378326416, 30.953712463378906], "mean_svd_test_loss": 30.715648651123047, "std_svd_test_loss": 0.9875860214233398, "_wandb": {"runtime": 683}}