{"nn_train_loss": [59.883399963378906, 56.90060043334961, 58.54728317260742, 59.1109733581543, 58.73135757446289, 58.08595657348633, 59.70164489746094, 58.633949279785156, 58.56283187866211, 58.75586700439453, 57.170711517333984, 59.401729583740234, 58.297428131103516, 60.072147369384766, 59.53023910522461, 59.58021545410156, 56.20756530761719, 59.41529846191406, 58.44131088256836, 60.34761428833008], "mean_nn_train_loss": 58.76890621185303, "std_nn_train_loss": 1.0994335207510084, "_timestamp": 1647582356, "_runtime": 490, "_step": 3, "svd_train_loss": [93.642578125, 86.92039489746094, 90.26512908935547, 92.03447723388672, 90.85501098632812, 90.43758392333984, 92.60929107666016, 91.71240234375, 92.12516784667969, 90.4494400024414, 89.77518463134766, 92.30876159667969, 90.8305435180664, 94.1011962890625, 94.2616195678711, 94.21612548828125, 86.58524322509766, 91.29701232910156, 90.75621032714844, 93.70941162109375], "mean_svd_train_loss": 91.44463920593262, "std_svd_train_loss": 4.355285486217326, "nn_test_loss": [76.448486328125, 72.15682220458984, 74.54661560058594, 75.58427429199219, 74.62218475341797, 74.52239227294922, 75.95276641845703, 75.16539764404297, 74.74771118164062, 74.83895874023438, 73.33141326904297, 76.01053619384766, 74.6754150390625, 77.27545928955078, 76.28148651123047, 76.50776672363281, 71.5792236328125, 75.28160858154297, 74.3276596069336, 76.68315887451172], "mean_nn_test_loss": 75.02696990966797, "std_nn_test_loss": 2.0089902877807617, "svd_test_loss": [93.72296905517578, 86.82083892822266, 90.15595245361328, 92.2872085571289, 91.04483795166016, 90.77218627929688, 92.26810455322266, 91.75985717773438, 91.82750701904297, 90.54985046386719, 89.88459777832031, 92.45185089111328, 90.68756866455078, 94.11085510253906, 94.42161560058594, 94.29393768310547, 86.95193481445312, 91.37162780761719, 90.7389907836914, 93.72563171386719], "mean_svd_test_loss": 91.49239349365234, "std_svd_test_loss": 4.261681079864502, "_wandb": {"runtime": 491}}