{"train_ep_len": 164, "train_ep_reward": -295.3677028683836, "_runtime": 147, "_timestamp": 1651767191, "_step": 20000, "eval_mean_return": -456.62379260363576, "eval_std_return": 88.36806882566135, "eval_max_return": -337.90644293097193, "eval_min_return": -632.598161303993}