{"nn_train_loss": [23.46287727355957, 22.876995086669922, 23.653972625732422, 23.17519760131836, 23.26593589782715, 23.426340103149414, 22.2584285736084, 22.813249588012695, 23.579259872436523, 23.15145492553711, 23.202041625976562, 22.169736862182617, 22.997045516967773, 22.482820510864258, 23.423311233520508, 24.07567596435547, 22.583942413330078, 22.842140197753906, 22.628395080566406, 23.56039810180664], "mean_nn_train_loss": 23.08146095275879, "std_nn_train_loss": 0.2367443312639807, "_timestamp": 1647487140, "_runtime": 639, "_step": 3, "svd_train_loss": [19.988834381103516, 20.31916046142578, 20.25331687927246, 20.52547264099121, 19.909025192260742, 20.041982650756836, 19.788537979125977, 19.841567993164062, 20.496946334838867, 20.110544204711914, 20.202356338500977, 19.806791305541992, 20.12544822692871, 19.584848403930664, 20.300779342651367, 21.19603157043457, 19.359682083129883, 19.718355178833008, 19.73220443725586, 20.606555938720703], "mean_svd_train_loss": 20.095422077178956, "std_svd_train_loss": 0.16577420062868442, "nn_test_loss": [29.395519256591797, 28.48439598083496, 29.407939910888672, 28.812131881713867, 28.633501052856445, 29.23073387145996, 27.537607192993164, 28.619142532348633, 29.13056182861328, 29.039033889770508, 28.660541534423828, 27.566085815429688, 28.337970733642578, 27.875591278076172, 28.84101676940918, 30.038328170776367, 28.185787200927734, 28.498455047607422, 28.15939712524414, 29.266529083251953], "mean_nn_test_loss": 28.686016082763672, "std_nn_test_loss": 0.3905739188194275, "svd_test_loss": [20.606414794921875, 20.756628036499023, 20.990610122680664, 21.14896011352539, 20.358745574951172, 20.573345184326172, 20.04804039001465, 20.50772476196289, 20.953899383544922, 20.752164840698242, 20.575092315673828, 20.414188385009766, 20.53567123413086, 20.09718894958496, 20.761533737182617, 21.741992950439453, 19.908376693725586, 20.323318481445312, 20.265344619750977, 20.991872787475586], "mean_svd_test_loss": 20.615556716918945, "std_svd_test_loss": 0.1718476414680481, "_wandb": {"runtime": 641}}