{"nn_train_loss": [17.17030143737793, 19.110496520996094, 20.305330276489258, 21.48560905456543, 17.972185134887695, 18.48125648498535, 20.87395668029785, 17.87926483154297, 18.722692489624023, 19.1696720123291, 19.44524383544922, 18.822498321533203, 20.119630813598633, 19.887950897216797, 17.943599700927734, 18.8399600982666, 17.70223045349121, 19.532690048217773, 20.832134246826172, 21.58551025390625], "mean_nn_train_loss": 19.294110679626463, "std_nn_train_loss": 1.5566994051394791, "_timestamp": 1647492707, "_runtime": 620, "_step": 3, "svd_train_loss": [20.939495086669922, 20.95233917236328, 21.81000328063965, 21.67051124572754, 20.4484806060791, 22.043102264404297, 22.018220901489258, 21.441598892211914, 21.910030364990234, 21.41019058227539, 21.103788375854492, 21.144502639770508, 21.59015464782715, 21.997211456298828, 21.575674057006836, 21.88912010192871, 20.76253318786621, 22.218090057373047, 21.904260635375977, 21.935096740722656], "mean_svd_train_loss": 21.53822021484375, "std_svd_train_loss": 0.2333481244991708, "nn_test_loss": [19.278026580810547, 21.709867477416992, 23.083717346191406, 25.239503860473633, 20.195890426635742, 20.220043182373047, 23.882707595825195, 19.914194107055664, 20.645137786865234, 21.6473445892334, 22.11890411376953, 21.271541595458984, 22.674560546875, 22.064876556396484, 19.796157836914062, 21.257478713989258, 19.700912475585938, 21.771635055541992, 24.169248580932617, 24.713958740234375], "mean_nn_test_loss": 21.767786026000977, "std_nn_test_loss": 2.9091687202453613, "svd_test_loss": [21.514339447021484, 21.550586700439453, 22.283178329467773, 22.164081573486328, 20.94354820251465, 22.55292320251465, 22.442861557006836, 21.91193199157715, 22.299888610839844, 21.97907257080078, 21.627971649169922, 21.607969284057617, 22.091617584228516, 22.345760345458984, 22.063804626464844, 22.341388702392578, 21.15654182434082, 22.697956085205078, 22.318191528320312, 22.332664489746094], "mean_svd_test_loss": 22.011314392089844, "std_svd_test_loss": 0.21047945320606232, "_wandb": {"runtime": 622}}