{"nn_train_loss": [33.89616012573242, 35.422218322753906, 32.89508819580078, 32.45284652709961, 34.487918853759766, 31.066978454589844, 34.800315856933594, 35.108642578125, 35.29515838623047, 34.56151580810547, 34.11027145385742, 36.28084945678711, 34.8135986328125, 34.77181625366211, 34.97514724731445, 36.44997024536133, 35.10127639770508, 33.662391662597656, 34.02528381347656, 31.557270050048828], "mean_nn_train_loss": 34.286735916137694, "std_nn_train_loss": 1.871318132032902, "_timestamp": 1647579357, "_runtime": 356, "_step": 3, "svd_train_loss": [41.51157760620117, 43.573768615722656, 41.29802703857422, 39.44869613647461, 42.25870895385742, 38.66832733154297, 42.815391540527344, 42.956146240234375, 43.2991828918457, 42.44761276245117, 41.94715881347656, 44.34450149536133, 42.472633361816406, 42.642486572265625, 42.83015060424805, 44.257774353027344, 42.82166290283203, 41.60759353637695, 41.40153503417969, 38.7384033203125], "mean_svd_train_loss": 42.0670669555664, "std_svd_train_loss": 2.4004589618294263, "nn_test_loss": [33.939056396484375, 35.28833770751953, 32.95661926269531, 32.426815032958984, 34.64400100708008, 30.993148803710938, 34.94391632080078, 35.2551155090332, 35.3859748840332, 34.416831970214844, 33.99689865112305, 36.39806365966797, 34.86885452270508, 34.710792541503906, 34.99223327636719, 36.5255126953125, 34.970951080322266, 33.653438568115234, 34.06342697143555, 31.589082717895508], "mean_nn_test_loss": 34.30095672607422, "std_nn_test_loss": 1.9342737197875977, "svd_test_loss": [41.56768798828125, 43.366615295410156, 41.292301177978516, 39.33308792114258, 42.454376220703125, 38.525386810302734, 43.029212951660156, 42.97608184814453, 43.34745788574219, 42.27667999267578, 41.79256057739258, 44.45589065551758, 42.489227294921875, 42.4886589050293, 42.82375717163086, 44.32054901123047, 42.589927673339844, 41.51949691772461, 41.39164352416992, 38.70789337158203], "mean_svd_test_loss": 42.03742218017578, "std_svd_test_loss": 2.511321544647217, "_wandb": {"runtime": 357}}