{"nn_train_loss": [27.409879684448242, 25.563875198364258, 25.40080451965332, 26.84412384033203, 24.419414520263672, 26.494464874267578, 25.895877838134766, 25.014781951904297, 25.931119918823242, 27.309772491455078, 25.193391799926758, 26.785213470458984, 25.695199966430664, 26.53760528564453, 25.2416934967041, 26.269540786743164, 25.037599563598633, 26.231569290161133, 24.78173065185547, 26.0086612701416], "mean_nn_train_loss": 25.903316020965576, "std_nn_train_loss": 0.6633977544198842, "_timestamp": 1647494702, "_runtime": 667, "_step": 3, "svd_train_loss": [36.039276123046875, 33.44607162475586, 33.83662796020508, 35.30680847167969, 32.2800178527832, 34.483360290527344, 34.71065139770508, 33.043846130371094, 34.195220947265625, 35.58185577392578, 33.871028900146484, 36.01459884643555, 34.86173629760742, 34.98296356201172, 33.4298210144043, 34.844688415527344, 33.25243377685547, 34.941532135009766, 33.6922607421875, 34.84001541137695], "mean_svd_train_loss": 34.3827407836914, "std_svd_train_loss": 0.9745020763113281, "nn_test_loss": [31.245365142822266, 29.051145553588867, 29.05785369873047, 30.565975189208984, 27.6766357421875, 30.192956924438477, 29.75259017944336, 28.716171264648438, 29.772218704223633, 31.47953987121582, 29.037181854248047, 30.844316482543945, 29.12163734436035, 30.078834533691406, 29.022024154663086, 30.16453742980957, 28.34450912475586, 29.954378128051758, 28.449745178222656, 29.74781608581543], "mean_nn_test_loss": 29.6137752532959, "std_nn_test_loss": 0.9336069226264954, "svd_test_loss": [39.115299224853516, 36.01667785644531, 36.98972702026367, 38.418277740478516, 34.99982452392578, 37.376670837402344, 37.60024642944336, 35.87664031982422, 37.0955696105957, 38.66609573364258, 36.947322845458984, 39.09665298461914, 37.782230377197266, 37.85407257080078, 36.5802001953125, 37.72362518310547, 36.295291900634766, 37.9428825378418, 36.74518966674805, 37.90724182128906], "mean_svd_test_loss": 37.35148620605469, "std_svd_test_loss": 1.112278699874878, "_wandb": {"runtime": 668}}