{"nn_train_loss": [23.43021583557129, 26.275239944458008, 25.96670150756836, 26.749065399169922, 28.210966110229492, 28.510000228881836, 29.379751205444336, 28.09010887145996, 29.022048950195312, 28.757274627685547, 30.33576202392578, 30.607637405395508, 29.41594123840332, 29.998199462890625, 30.46031379699707, 28.532743453979492, 29.255149841308594, 30.2497501373291, 28.975496292114258, 30.148174285888672], "mean_nn_train_loss": 28.618527030944826, "std_nn_train_loss": 3.126653484373346, "_timestamp": 1647473766, "_runtime": 617, "_step": 3, "svd_train_loss": [20.496694564819336, 21.334495544433594, 20.30614471435547, 19.94091033935547, 20.93001365661621, 20.878372192382812, 21.150747299194336, 20.28963279724121, 21.122365951538086, 20.512704849243164, 22.021886825561523, 21.369831085205078, 21.476953506469727, 21.48997688293457, 22.020124435424805, 20.36220932006836, 21.39653778076172, 21.75684356689453, 20.882654190063477, 21.75618553161621], "mean_svd_train_loss": 21.074764251708984, "std_svd_train_loss": 0.35338225305094967, "nn_test_loss": [29.450225830078125, 30.94687271118164, 30.063444137573242, 31.20842933654785, 32.66832733154297, 33.499393463134766, 33.734100341796875, 32.81977462768555, 33.44193649291992, 32.927616119384766, 34.98906326293945, 35.024959564208984, 34.00209426879883, 34.36493682861328, 34.67964172363281, 32.22233581542969, 33.38927459716797, 34.81607437133789, 32.93878173828125, 34.49760055541992], "mean_nn_test_loss": 33.08424758911133, "std_nn_test_loss": 2.4842476844787598, "svd_test_loss": [21.081300735473633, 21.777381896972656, 20.80305290222168, 20.44846534729004, 21.373443603515625, 21.38381576538086, 21.644548416137695, 20.701139450073242, 21.569992065429688, 21.160295486450195, 22.59427833557129, 21.88517189025879, 21.928651809692383, 21.83408546447754, 22.551340103149414, 20.75037384033203, 21.853679656982422, 22.257863998413086, 21.37401580810547, 22.258464813232422], "mean_svd_test_loss": 21.561565399169922, "std_svd_test_loss": 0.35878926515579224, "_wandb": {"runtime": 618}}