{"nn_train_loss": [24.73123550415039, 23.10541343688965, 22.0135440826416, 25.173791885375977, 23.563457489013672, 22.815088272094727, 25.46425437927246, 24.964542388916016, 24.726640701293945, 25.190004348754883, 24.2853946685791, 24.924175262451172, 23.480148315429688, 25.33540153503418, 24.15443229675293, 25.613874435424805, 24.49552345275879, 23.778278350830078, 22.340892791748047, 23.93065071105957], "mean_nn_train_loss": 24.204337215423585, "std_nn_train_loss": 1.055323964607842, "_timestamp": 1647578003, "_runtime": 660, "_step": 3, "svd_train_loss": [39.68397521972656, 37.86882019042969, 34.769676208496094, 39.90303421020508, 37.448055267333984, 36.70329284667969, 40.580963134765625, 39.391292572021484, 39.785186767578125, 40.65738296508789, 38.45846939086914, 39.727264404296875, 37.270263671875, 40.480079650878906, 37.629920959472656, 39.6288948059082, 38.38986587524414, 38.18059158325195, 36.433841705322266, 38.71660614013672], "mean_svd_train_loss": 38.585373878479004, "std_svd_train_loss": 2.3353091331720863, "nn_test_loss": [24.75154685974121, 23.221426010131836, 22.006914138793945, 25.24229621887207, 23.778018951416016, 23.01356315612793, 25.599992752075195, 25.009679794311523, 24.87286949157715, 25.410999298095703, 24.470359802246094, 25.04893684387207, 23.471675872802734, 25.491134643554688, 24.38973617553711, 25.838825225830078, 24.64278793334961, 23.97047996520996, 22.57992172241211, 24.012956619262695], "mean_nn_test_loss": 24.34120750427246, "std_nn_test_loss": 1.075048565864563, "svd_test_loss": [39.68102264404297, 37.73993682861328, 34.530147552490234, 39.825660705566406, 37.49692153930664, 36.69313430786133, 40.41392517089844, 39.1878547668457, 39.734493255615234, 40.6531982421875, 38.412109375, 39.81336975097656, 36.9900016784668, 40.36703109741211, 37.92926788330078, 39.80116653442383, 38.432029724121094, 38.29167556762695, 36.66515350341797, 38.80538558959961], "mean_svd_test_loss": 38.57316970825195, "std_svd_test_loss": 2.3487608432769775, "_wandb": {"runtime": 661}}