{"nn_train_loss": [42.68217468261719, 40.693599700927734, 45.542816162109375, 42.30955505371094, 41.09423828125, 42.47090530395508, 40.86315155029297, 46.4139289855957, 39.568443298339844, 42.169647216796875, 43.18218231201172, 40.919029235839844, 43.60890579223633, 42.977638244628906, 45.35866928100586, 42.72922134399414, 43.58245086669922, 38.663360595703125, 43.32445526123047, 41.39719009399414], "mean_nn_train_loss": 42.47757816314697, "std_nn_train_loss": 3.5847049766378403, "_timestamp": 1647580454, "_runtime": 368, "_step": 3, "svd_train_loss": [44.4339599609375, 42.404937744140625, 47.28927993774414, 44.0980339050293, 42.700523376464844, 44.28193283081055, 42.60354232788086, 48.289546966552734, 41.22681427001953, 43.94976806640625, 44.96388244628906, 42.597320556640625, 45.39893341064453, 44.8577995300293, 47.228694915771484, 44.338111877441406, 45.446014404296875, 40.28738021850586, 45.17044448852539, 42.96818161010742], "mean_svd_train_loss": 44.226755142211914, "std_svd_train_loss": 3.8390986140097083, "nn_test_loss": [42.68427276611328, 40.70285415649414, 45.324005126953125, 42.218528747558594, 41.0704231262207, 42.593528747558594, 40.926025390625, 46.34907913208008, 39.48408889770508, 42.197265625, 43.34288024902344, 41.041656494140625, 43.66017532348633, 43.14519119262695, 45.37620162963867, 42.76340866088867, 43.56121063232422, 38.77226638793945, 43.262786865234375, 41.39655303955078], "mean_nn_test_loss": 42.49362564086914, "std_nn_test_loss": 3.4806365966796875, "svd_test_loss": [44.44853210449219, 42.404510498046875, 47.04437255859375, 43.99335479736328, 42.67489242553711, 44.37575912475586, 42.67082214355469, 48.2282829284668, 41.12391662597656, 43.962135314941406, 45.12046432495117, 42.706199645996094, 45.4339714050293, 45.01908493041992, 47.26359176635742, 44.364967346191406, 45.39479446411133, 40.39265060424805, 45.09270477294922, 42.971031188964844], "mean_svd_test_loss": 44.23429870605469, "std_svd_test_loss": 3.737607955932617, "_wandb": {"runtime": 369}}