{"nn_train_loss": [25.358623504638672, 25.22649383544922, 24.725666046142578, 25.353208541870117, 24.181928634643555, 25.142812728881836, 25.114587783813477, 24.51551055908203, 24.33843231201172, 25.25779151916504, 24.855392456054688, 23.688488006591797, 25.638710021972656, 24.637609481811523, 25.03757667541504, 23.12197494506836, 24.36078643798828, 25.15131187438965, 23.681926727294922, 24.47439193725586], "mean_nn_train_loss": 24.69316120147705, "std_nn_train_loss": 0.4096131190657252, "_timestamp": 1647489026, "_runtime": 679, "_step": 3, "svd_train_loss": [46.501529693603516, 44.038734436035156, 42.481449127197266, 45.30928039550781, 41.690216064453125, 43.37310028076172, 44.15206527709961, 44.57594299316406, 42.167423248291016, 46.70975875854492, 42.50904846191406, 42.110511779785156, 43.32142639160156, 44.945552825927734, 43.9942512512207, 41.26011276245117, 44.44315719604492, 42.6613655090332, 40.898006439208984, 40.0942268371582], "mean_svd_train_loss": 43.3618579864502, "std_svd_train_loss": 3.0219668057978555, "nn_test_loss": [28.668914794921875, 28.628671646118164, 28.084484100341797, 28.737577438354492, 27.376659393310547, 28.47812843322754, 28.43195152282715, 27.86097526550293, 27.86918067932129, 28.728994369506836, 28.160348892211914, 27.135696411132812, 29.091205596923828, 28.20279884338379, 28.446401596069336, 25.968799591064453, 27.44200325012207, 28.381168365478516, 26.63679313659668, 27.508026123046875], "mean_nn_test_loss": 27.9919376373291, "std_nn_test_loss": 0.5825405120849609, "svd_test_loss": [46.1880989074707, 44.01007080078125, 41.94941329956055, 45.14970779418945, 41.20662307739258, 43.16352081298828, 43.98870849609375, 44.15708923339844, 44.85649490356445, 47.14280319213867, 42.28024673461914, 42.02302169799805, 43.11298370361328, 44.691612243652344, 45.30524444580078, 40.42139434814453, 43.23122787475586, 42.132293701171875, 40.312435150146484, 41.21278381347656], "mean_svd_test_loss": 43.326786041259766, "std_svd_test_loss": 3.4237923622131348, "_wandb": {"runtime": 680}}