{"eval_return": 9.4, "_runtime": 11, "_timestamp": 1633657197, "_step": 31044, "train_critic_loss": 1.0277529954910278, "gradients/layer2.bias": {"_type": "histogram", "values": [1.0, 0.0, 0.0, 0.0, 0.0, 0.0, 0.0, 0.0, 0.0, 0.0, 0.0, 0.0, 0.0, 0.0, 0.0, 0.0, 0.0, 0.0, 0.0, 0.0, 0.0, 0.0, 0.0, 0.0, 0.0, 0.0, 0.0, 0.0, 0.0, 0.0, 0.0, 0.0, 0.0, 0.0, 0.0, 0.0, 0.0, 0.0, 0.0, 0.0, 0.0, 0.0, 0.0, 0.0, 0.0, 0.0, 0.0, 0.0, 0.0, 0.0, 0.0, 0.0, 0.0, 0.0, 0.0, 0.0, 0.0, 0.0, 0.0, 0.0, 0.0, 0.0, 0.0, 1.0], "bins": [-1.1636836528778076, -1.1455011367797852, -1.1273185014724731, -1.1091359853744507, -1.0909534692764282, -1.0727708339691162, -1.0545883178710938, -1.0364058017730713, -1.0182231664657593, -1.0000406503677368, -0.9818580746650696, -0.9636754989624023, -0.9454929232597351, -0.9273103475570679, -0.9091278314590454, -0.8909452557563782, -0.8727627396583557, -0.8545801639556885, -0.836397647857666, -0.8182150721549988, -0.8000324964523315, -0.7818499803543091, -0.7636674046516418, -0.7454848289489746, -0.7273023128509521, -0.7091197371482849, -0.6909372210502625, -0.6727546453475952, -0.654572069644928, -0.6363894939422607, -0.6182069778442383, -0.600024402141571, -0.5818418264389038, -0.5636592507362366, -0.5454767346382141, -0.5272941589355469, -0.5091115832328796, -0.4909290373325348, -0.47274649143218994, -0.4545639157295227, -0.43638136982917786, -0.418198823928833, -0.40001624822616577, -0.3818337023258209, -0.3636511564254761, -0.34546858072280884, -0.327286034822464, -0.30910348892211914, -0.2909209132194519, -0.27273836731910706, -0.2545557916164398, -0.23637324571609497, -0.21819068491458893, -0.20000812411308289, -0.18182557821273804, -0.163643017411232, -0.14546045660972595, -0.1272778958082199, -0.10909534245729446, -0.09091278910636902, -0.07273022830486298, -0.054547667503356934, -0.03636511415243149, -0.018182560801506042, 0.0]}, "gradients/layer2.weight": {"_type": "histogram", "values": [1.0, 0.0, 0.0, 0.0, 0.0, 0.0, 0.0, 0.0, 0.0, 0.0, 0.0, 0.0, 0.0, 0.0, 0.0, 0.0, 0.0, 0.0, 0.0, 0.0, 0.0, 0.0, 0.0, 0.0, 1.0, 0.0, 1.0, 1.0, 0.0, 0.0, 0.0, 0.0, 1.0, 0.0, 0.0, 0.0, 1.0, 0.0, 2.0, 0.0, 0.0, 0.0, 1.0, 0.0, 0.0, 0.0, 0.0, 0.0, 3.0, 0.0, 0.0, 0.0, 2.0, 1.0, 0.0, 0.0, 1.0, 0.0, 2.0, 2.0, 2.0, 0.0, 2.0, 36.0], "bins": [-0.4263491630554199, -0.4196874499320984, -0.41302573680877686, -0.4063640534877777, -0.3997023403644562, -0.39304062724113464, -0.3863789439201355, -0.37971723079681396, -0.37305551767349243, -0.3663938045501709, -0.35973209142684937, -0.3530704081058502, -0.3464086949825287, -0.33974698185920715, -0.333085298538208, -0.3264235854148865, -0.31976187229156494, -0.3131001591682434, -0.3064384460449219, -0.29977676272392273, -0.2931150496006012, -0.28645333647727966, -0.2797916531562805, -0.273129940032959, -0.26646822690963745, -0.2598065137863159, -0.2531448006629944, -0.24648311734199524, -0.2398214042186737, -0.23315969109535217, -0.22649799287319183, -0.2198362946510315, -0.21317458152770996, -0.20651286840438843, -0.1998511701822281, -0.19318947196006775, -0.18652775883674622, -0.17986604571342468, -0.17320434749126434, -0.166542649269104, -0.15988093614578247, -0.15321922302246094, -0.1465575248003006, -0.13989582657814026, -0.13323411345481873, -0.1265724003314972, -0.11991070210933685, -0.11324899643659592, -0.10658729076385498, -0.09992558509111404, -0.09326387941837311, -0.08660217374563217, -0.07994046807289124, -0.0732787624001503, -0.06661705672740936, -0.059955351054668427, -0.05329364538192749, -0.046631939709186554, -0.03997023403644562, -0.03330852836370468, -0.026646822690963745, -0.01998511701822281, -0.013323411345481873, -0.006661705672740936, 0.0]}, "gradients/layer1.bias": {"_type": "histogram", "values": [1.0, 0.0, 0.0, 1.0, 0.0, 0.0, 1.0, 0.0, 0.0, 0.0, 0.0, 0.0, 0.0, 0.0, 0.0, 1.0, 0.0, 0.0, 2.0, 1.0, 0.0, 1.0, 0.0, 1.0, 0.0, 0.0, 0.0, 0.0, 0.0, 0.0, 0.0, 1.0, 0.0, 1.0, 1.0, 7.0, 1.0, 1.0, 3.0, 2.0, 0.0, 1.0, 1.0, 0.0, 0.0, 1.0, 0.0, 0.0, 0.0, 0.0, 0.0, 0.0, 0.0, 0.0, 0.0, 0.0, 0.0, 0.0, 0.0, 0.0, 0.0, 0.0, 0.0, 1.0], "bins": [-0.1713789850473404, -0.1665075719356537, -0.1616361439228058, -0.15676471590995789, -0.15189330279827118, -0.14702188968658447, -0.14215046167373657, -0.13727903366088867, -0.13240762054920197, -0.12753620743751526, -0.12266477942466736, -0.11779335886240005, -0.11292193830013275, -0.10805051773786545, -0.10317909717559814, -0.09830767661333084, -0.09343625605106354, -0.08856483548879623, -0.08369341492652893, -0.07882199436426163, -0.07395057380199432, -0.06907915323972702, -0.06420773267745972, -0.05933631211519241, -0.05446489155292511, -0.049593470990657806, -0.0447220504283905, -0.0398506298661232, -0.034979209303855896, -0.030107788741588593, -0.02523636817932129, -0.020364947617053986, -0.015493512153625488, -0.010622091591358185, -0.005750671029090881, -0.0008792504668235779, 0.003992170095443726, 0.008863590657711029, 0.013735011219978333, 0.018606431782245636, 0.02347785234451294, 0.028349272906780243, 0.033220693469047546, 0.03809211403131485, 0.04296353459358215, 0.04783495515584946, 0.05270637571811676, 0.057577796280384064, 0.06244921684265137, 0.06732063740491867, 0.07219205796718597, 0.07706347852945328, 0.08193489909172058, 0.08680631965398788, 0.09167774021625519, 0.09654916077852249, 0.1014205813407898, 0.1062920019030571, 0.1111634224653244, 0.1160348430275917, 0.12090626358985901, 0.1257776916027069, 0.13064910471439362, 0.13552051782608032, 0.14039194583892822]}, "gradients/layer1.weight": {"_type": "histogram", "values": [1.0, 0.0, 1.0, 0.0, 0.0, 0.0, 1.0, 0.0, 0.0, 0.0, 0.0, 0.0, 2.0, 0.0, 0.0, 4.0, 1.0, 3.0, 4.0, 4.0, 3.0, 4.0, 1.0, 5.0, 8.0, 8.0, 11.0, 13.0, 12.0, 12.0, 15.0, 15.0, 25.0, 37.0, 67.0, 495.0, 72.0, 29.0, 15.0, 10.0, 4.0, 2.0, 3.0, 3.0, 1.0, 0.0, 0.0, 1.0, 2.0, 1.0, 2.0, 1.0, 0.0, 1.0, 0.0, 0.0, 0.0, 0.0, 0.0, 0.0, 0.0, 0.0, 0.0, 1.0], "bins": [-0.10776988416910172, -0.1047065407037735, -0.10164319723844528, -0.09857985377311707, -0.09551651775836945, -0.09245317429304123, -0.08938983082771301, -0.0863264873623848, -0.08326314389705658, -0.08019980043172836, -0.07713645696640015, -0.07407312095165253, -0.07100977748632431, -0.0679464340209961, -0.06488309055566788, -0.06181974709033966, -0.05875641107559204, -0.055693067610263824, -0.052629727870225906, -0.04956638440489769, -0.04650304466485977, -0.043439701199531555, -0.04037635773420334, -0.03731301426887512, -0.034249670803546906, -0.031186329200863838, -0.02812298759818077, -0.025059644132852554, -0.021996302530169487, -0.01893296092748642, -0.015869617462158203, -0.012806275859475136, -0.009742945432662964, -0.006679603364318609, -0.0036162612959742546, -0.0005529187619686127, 0.0025104228407144547, 0.005573764443397522, 0.008637107908725739, 0.011700449511408806, 0.014763787388801575, 0.017827128991484642, 0.02089047059416771, 0.023953814059495926, 0.027017155662178993, 0.03008049726486206, 0.03314384073019028, 0.036207184195518494, 0.03927052766084671, 0.04233387112617493, 0.045397210866212845, 0.04846055433154106, 0.05152389407157898, 0.054587237536907196, 0.05765058100223541, 0.06071392446756363, 0.06377726793289185, 0.06684061139822006, 0.06990395486354828, 0.0729672908782959, 0.07603063434362411, 0.07909397780895233, 0.08215732127428055, 0.08522066473960876, 0.08828400075435638]}, "gradients/layer0.bias": {"_type": "histogram", "values": [1.0, 0.0, 0.0, 1.0, 0.0, 0.0, 0.0, 0.0, 0.0, 0.0, 0.0, 1.0, 0.0, 0.0, 1.0, 0.0, 1.0, 0.0, 0.0, 1.0, 1.0, 0.0, 0.0, 0.0, 0.0, 1.0, 1.0, 0.0, 2.0, 1.0, 3.0, 3.0, 4.0, 0.0, 0.0, 2.0, 0.0, 0.0, 1.0, 1.0, 0.0, 0.0, 1.0, 0.0, 0.0, 0.0, 0.0, 0.0, 0.0, 1.0, 0.0, 0.0, 0.0, 0.0, 0.0, 0.0, 0.0, 0.0, 0.0, 0.0, 0.0, 0.0, 0.0, 2.0],