{"nn_train_loss": [40.3267936706543, 39.45075988769531, 37.48530960083008, 38.01982116699219, 36.30298614501953, 39.417049407958984, 36.51607894897461, 39.78376770019531, 38.86188507080078, 39.53968048095703, 39.57591247558594, 39.56293487548828, 39.415889739990234, 39.71054458618164, 39.61250305175781, 37.70332336425781, 38.45867919921875, 37.4505615234375, 38.36912155151367, 39.094051361083984], "mean_nn_train_loss": 38.73288269042969, "std_nn_train_loss": 1.240872536229435, "_timestamp": 1647579718, "_runtime": 355, "_step": 3, "svd_train_loss": [44.874202728271484, 43.87797164916992, 41.82505416870117, 42.47176742553711, 40.43779373168945, 43.686649322509766, 40.53825759887695, 44.16257095336914, 43.52633285522461, 44.17807388305664, 44.05247116088867, 43.925567626953125, 43.80067825317383, 44.25089645385742, 43.993019104003906, 42.01839828491211, 42.67150115966797, 41.669151306152344, 42.73471450805664, 43.612674713134766], "mean_svd_train_loss": 43.11538734436035, "std_svd_train_loss": 1.5117188004571651, "nn_test_loss": [40.17337417602539, 39.361297607421875, 37.52479934692383, 38.206336975097656, 36.32129669189453, 39.472564697265625, 36.58815383911133, 39.92020034790039, 38.825889587402344, 39.53192138671875, 39.63724899291992, 39.667938232421875, 39.59860610961914, 39.7344970703125, 39.69773483276367, 37.69723129272461, 38.47032928466797, 37.48708724975586, 38.22831344604492, 39.081172943115234], "mean_nn_test_loss": 38.76129913330078, "std_nn_test_loss": 1.2327662706375122, "svd_test_loss": [44.604576110839844, 43.73336410522461, 41.8629150390625, 42.612728118896484, 40.42124938964844, 43.72711181640625, 40.623085021972656, 44.240875244140625, 43.491939544677734, 44.13441467285156, 44.09934616088867, 44.01210021972656, 43.95994186401367, 44.2017936706543, 44.05473327636719, 41.99588394165039, 42.67634963989258, 41.71124267578125, 42.5407829284668, 43.577392578125], "mean_svd_test_loss": 43.11409378051758, "std_svd_test_loss": 1.4610729217529297, "_wandb": {"runtime": 357}}