{"nn_train_loss": [22.79534912109375, 24.279634475708008, 22.900856018066406, 22.17594337463379, 23.661052703857422, 21.90302276611328, 23.650609970092773, 22.241437911987305, 22.289979934692383, 23.53317642211914, 23.656177520751953, 23.05543327331543, 23.758779525756836, 23.716567993164062, 23.621400833129883, 23.724681854248047, 23.328319549560547, 23.49092674255371, 22.918724060058594, 23.24187660217285], "mean_nn_train_loss": 23.19719753265381, "std_nn_train_loss": 0.3933023236146619, "_timestamp": 1647491404, "_runtime": 592, "_step": 3, "svd_train_loss": [19.972993850708008, 21.141592025756836, 20.025793075561523, 19.636186599731445, 20.645360946655273, 19.373306274414062, 20.837251663208008, 19.4527530670166, 19.907663345336914, 20.531648635864258, 20.65043067932129, 19.77197265625, 20.696857452392578, 21.07875633239746, 20.0459041595459, 20.750490188598633, 20.78748321533203, 20.24604606628418, 19.271228790283203, 20.40287971496582], "mean_svd_train_loss": 20.261329936981202, "std_svd_train_loss": 0.3117907454024226, "nn_test_loss": [28.484561920166016, 30.08597183227539, 28.502012252807617, 27.309598922729492, 29.320980072021484, 27.263086318969727, 29.533187866210938, 27.818307876586914, 27.686134338378906, 29.341928482055664, 29.478443145751953, 28.514328002929688, 29.54393768310547, 29.660930633544922, 29.055566787719727, 29.234493255615234, 29.01971435546875, 29.19960594177246, 28.144039154052734, 28.718914031982422], "mean_nn_test_loss": 28.795787811279297, "std_nn_test_loss": 0.6233804821968079, "svd_test_loss": [20.693336486816406, 21.698352813720703, 20.549909591674805, 20.162927627563477, 21.058889389038086, 19.95779037475586, 21.232629776000977, 19.918804168701172, 20.434072494506836, 21.05778694152832, 21.366384506225586, 20.244720458984375, 21.270511627197266, 21.667072296142578, 20.571205139160156, 21.19654655456543, 21.316204071044922, 20.766685485839844, 19.719581604003906, 20.904281616210938], "mean_svd_test_loss": 20.789382934570312, "std_svd_test_loss": 0.32413071393966675, "_wandb": {"runtime": 593}}