{"nn_train_loss": [41.10920333862305, 41.34376525878906, 42.111183166503906, 43.55858612060547, 44.2932243347168, 45.14970779418945, 44.15631866455078, 44.71053695678711, 42.496944427490234, 45.01531219482422, 41.989559173583984, 43.80925750732422, 46.3942756652832, 46.11293029785156, 42.34823989868164, 44.396881103515625, 45.45872116088867, 42.486446380615234, 44.041015625, 44.13341522216797], "mean_nn_train_loss": 43.75577621459961, "std_nn_train_loss": 2.2404152752549265, "_timestamp": 1647581180, "_runtime": 359, "_step": 3, "svd_train_loss": [41.6228141784668, 41.88564682006836, 42.63359451293945, 44.211402893066406, 44.86369323730469, 45.6966667175293, 44.73951721191406, 45.30087661743164, 43.10865783691406, 45.60930252075195, 42.592918395996094, 44.37039566040039, 47.00258255004883, 46.66292953491211, 42.85403823852539, 44.928043365478516, 46.07184982299805, 43.113426208496094, 44.685035705566406, 44.673912048339844], "mean_svd_train_loss": 44.33136520385742, "std_svd_train_loss": 2.274281015963642, "nn_test_loss": [41.12329864501953, 41.35503387451172, 42.048091888427734, 43.30415344238281, 44.34282684326172, 45.31368637084961, 44.16591262817383, 44.785987854003906, 42.45618438720703, 45.23692321777344, 41.95228958129883, 43.799198150634766, 46.185359954833984, 45.91257095336914, 42.610801696777344, 44.40741729736328, 45.64552688598633, 42.429569244384766, 43.9296875, 43.88822555541992], "mean_nn_test_loss": 43.74463653564453, "std_nn_test_loss": 2.2308812141418457, "svd_test_loss": [41.63573455810547, 41.888118743896484, 42.57012176513672, 43.95341873168945, 44.915733337402344, 45.85770034790039, 44.74348449707031, 45.37519073486328, 43.069400787353516, 45.830631256103516, 42.55350875854492, 44.36298370361328, 46.780860900878906, 46.45883560180664, 43.11553192138672, 44.93934631347656, 46.26071548461914, 43.052059173583984, 44.580074310302734, 44.421607971191406], "mean_svd_test_loss": 44.318260192871094, "std_svd_test_loss": 2.260652780532837, "_wandb": {"runtime": 360}}