{"nn_train_loss": [25.847013473510742, 27.460805892944336, 27.88576316833496, 27.558626174926758, 29.75298309326172, 29.319019317626953, 29.101890563964844, 30.934377670288086, 29.03843116760254, 32.203887939453125, 30.416011810302734, 31.0111141204834, 31.33343505859375, 31.647546768188477, 29.415773391723633, 32.69609069824219, 32.648109436035156, 33.64280700683594, 33.46562957763672, 33.489280700683594], "mean_nn_train_loss": 30.44342985153198, "std_nn_train_loss": 4.797247750377382, "_timestamp": 1647469584, "_runtime": 631, "_step": 3, "svd_train_loss": [44.55424499511719, 44.122291564941406, 44.053993225097656, 42.30241775512695, 46.307769775390625, 43.60322189331055, 42.16004943847656, 44.22860336303711, 41.487545013427734, 46.26268768310547, 42.69931411743164, 44.03078842163086, 43.10649490356445, 44.86783218383789, 40.7271728515625, 45.631202697753906, 44.2823486328125, 46.9040641784668, 47.21128463745117, 45.76697540283203], "mean_svd_train_loss": 44.21551513671875, "std_svd_train_loss": 3.059765075884934, "nn_test_loss": [28.636478424072266, 29.848236083984375, 29.983604431152344, 29.31103515625, 31.541425704956055, 31.05081558227539, 30.92569923400879, 32.654422760009766, 30.374563217163086, 34.15107727050781, 31.945722579956055, 32.636478424072266, 32.65819549560547, 33.064109802246094, 30.853172302246094, 34.15349197387695, 34.093379974365234, 35.29185104370117, 34.93809127807617, 34.70310974121094], "mean_nn_test_loss": 32.140750885009766, "std_nn_test_loss": 3.794520616531372, "svd_test_loss": [44.19804000854492, 43.932315826416016, 43.845977783203125, 42.17233657836914, 46.349857330322266, 43.464073181152344, 42.13462829589844, 44.43894577026367, 41.35237503051758, 46.49346160888672, 42.43690490722656, 43.993934631347656, 43.29199981689453, 44.948631286621094, 40.71733856201172, 45.72847366333008, 44.32353591918945, 47.08310317993164, 46.785099029541016, 45.8088264465332], "mean_svd_test_loss": 44.17499542236328, "std_svd_test_loss": 3.1875405311584473, "_wandb": {"runtime": 632}}