{"nn_train_loss": [25.599536895751953, 25.247512817382812, 27.29146385192871, 27.760160446166992, 27.27075958251953, 28.25482177734375, 28.090007781982422, 29.386764526367188, 29.83659553527832, 30.626007080078125, 30.656208038330078, 31.530027389526367, 30.740177154541016, 30.15294647216797, 31.997102737426758, 29.667388916015625, 32.046592712402344, 33.91074752807617, 31.385988235473633, 33.19546890258789], "mean_nn_train_loss": 29.732313919067384, "std_nn_train_loss": 5.3431813326050905, "_timestamp": 1647471976, "_runtime": 2387, "_step": 3, "svd_train_loss": [46.84823989868164, 41.94431686401367, 44.275272369384766, 43.36652755737305, 41.436279296875, 44.01646041870117, 41.83028030395508, 42.97613525390625, 44.06892013549805, 44.57548904418945, 44.534698486328125, 44.83163833618164, 43.83295822143555, 43.91362380981445, 46.48578643798828, 41.6633186340332, 44.437198638916016, 47.99537658691406, 44.28916931152344, 45.79561233520508], "mean_svd_train_loss": 44.1558650970459, "std_svd_train_loss": 2.8554232099106596, "nn_test_loss": [29.340627670288086, 27.945741653442383, 29.940099716186523, 30.14269256591797, 29.42221450805664, 30.32306671142578, 29.920480728149414, 31.060548782348633, 31.634248733520508, 32.27117156982422, 32.43433380126953, 33.19590377807617, 32.52385330200195, 31.951175689697266, 33.608612060546875, 31.063400268554688, 33.40496063232422, 35.57952117919922, 32.892547607421875, 34.64287567138672], "mean_nn_test_loss": 31.664907455444336, "std_nn_test_loss": 3.5878219604492188, "svd_test_loss": [46.80424118041992, 41.879661560058594, 44.346134185791016, 43.399864196777344, 41.59543228149414, 43.93718719482422, 41.952613830566406, 42.758201599121094, 44.0804443359375, 44.57478713989258, 44.460487365722656, 44.668521881103516, 43.88694381713867, 43.95903015136719, 46.2862548828125, 41.68304443359375, 44.33285140991211, 47.98722839355469, 44.32530975341797, 45.71497344970703], "mean_svd_test_loss": 44.13166046142578, "std_svd_test_loss": 2.7336947917938232, "_wandb": {"runtime": 2389}}