{"nn_train_loss": [23.384368896484375, 24.450132369995117, 26.226781845092773, 25.451154708862305, 27.42705535888672, 28.80974769592285, 27.144519805908203, 28.82321548461914, 28.404111862182617, 29.67232322692871, 28.84623146057129, 29.886592864990234, 29.316875457763672, 29.43502426147461, 29.466815948486328, 30.76830291748047, 30.76650047302246, 31.361942291259766, 31.007740020751953, 29.077714920043945], "mean_nn_train_loss": 28.486357593536376, "std_nn_train_loss": 4.560855305840041, "_timestamp": 1647472533, "_runtime": 551, "_step": 3, "svd_train_loss": [20.647855758666992, 20.89520263671875, 22.10991668701172, 20.696287155151367, 21.736976623535156, 22.693775177001953, 20.958955764770508, 22.566211700439453, 21.535619735717773, 23.42699432373047, 21.052648544311523, 21.9624080657959, 21.66124725341797, 21.520389556884766, 21.20079803466797, 22.627405166625977, 22.63956069946289, 23.04720115661621, 21.919435501098633, 20.6003475189209], "mean_svd_train_loss": 21.774961853027342, "std_svd_train_loss": 0.6850913549710095, "nn_test_loss": [28.69794273376465, 29.059396743774414, 30.671232223510742, 29.308380126953125, 31.124988555908203, 32.413360595703125, 30.173540115356445, 32.27653884887695, 31.45486831665039, 32.617061614990234, 31.977270126342773, 32.702392578125, 32.25377655029297, 32.30598068237305, 32.07836151123047, 33.66521072387695, 33.186607360839844, 34.044193267822266, 33.51559829711914, 31.476226806640625], "mean_nn_test_loss": 31.750146865844727, "std_nn_test_loss": 2.1964306831359863, "svd_test_loss": [21.3386287689209, 21.484800338745117, 22.16756248474121, 20.74843406677246, 22.276443481445312, 22.981966018676758, 21.388429641723633, 23.176721572875977, 21.747901916503906, 23.58110809326172, 22.08336639404297, 22.575532913208008, 22.13175392150879, 21.967252731323242, 21.58286476135254, 23.130773544311523, 23.111833572387695, 23.279813766479492, 22.515644073486328, 21.214872360229492], "mean_svd_test_loss": 22.224285125732422, "std_svd_test_loss": 0.610988438129425, "_wandb": {"runtime": 553}}