{"nn_train_loss": [19.277559280395508, 17.93434715270996, 20.95502281188965, 18.751968383789062, 19.95125389099121, 20.118892669677734, 20.098957061767578, 20.326995849609375, 20.04140853881836, 20.529388427734375, 20.282054901123047, 21.051240921020508, 19.532211303710938, 19.992996215820312, 20.95770835876465, 20.174596786499023, 20.22416877746582, 20.71388053894043, 19.871583938598633, 20.717716217041016], "mean_nn_train_loss": 20.075197601318358, "std_nn_train_loss": 0.5501654402602434, "_timestamp": 1647475047, "_runtime": 638, "_step": 3, "svd_train_loss": [20.596752166748047, 20.275875091552734, 22.27045249938965, 20.262283325195312, 21.51244354248047, 20.549640655517578, 20.5761775970459, 20.978893280029297, 20.90007972717285, 21.553823471069336, 20.9718017578125, 21.66984748840332, 19.9231014251709, 20.48259162902832, 21.666400909423828, 20.81850242614746, 20.82331657409668, 21.21509552001953, 20.21704864501953, 21.29094886779785], "mean_svd_train_loss": 20.927753829956053, "std_svd_train_loss": 0.3416069896289992, "nn_test_loss": [21.661523818969727, 20.096742630004883, 23.900253295898438, 21.22382354736328, 22.384035110473633, 22.501995086669922, 22.355627059936523, 22.507360458374023, 22.435317993164062, 22.888751983642578, 22.28612518310547, 23.21425437927246, 21.32909393310547, 21.957944869995117, 23.052505493164062, 22.2710018157959, 22.187732696533203, 22.7359676361084, 21.78866195678711, 22.950225830078125], "mean_nn_test_loss": 22.286447525024414, "std_nn_test_loss": 0.6392967104911804, "svd_test_loss": [21.12788200378418, 20.74037742614746, 22.523813247680664, 20.685884475708008, 21.87070083618164, 20.97540855407715, 20.9019718170166, 21.34864616394043, 21.28957748413086, 22.060636520385742, 21.332857131958008, 21.950681686401367, 20.124408721923828, 20.703611373901367, 21.93795394897461, 21.231046676635742, 21.2523136138916, 21.507423400878906, 20.595945358276367, 21.800691604614258], "mean_svd_test_loss": 21.298091888427734, "std_svd_test_loss": 0.3376849293708801, "_wandb": {"runtime": 639}}