{"nn_train_loss": [54.28385543823242, 54.621360778808594, 55.62594223022461, 54.90928649902344, 55.42803192138672, 54.386009216308594, 55.06448745727539, 56.072662353515625, 55.7061653137207, 55.304527282714844, 54.632930755615234, 54.94335174560547, 54.332645416259766, 56.092750549316406, 54.71342849731445, 54.80369567871094, 55.12743377685547, 54.27965545654297, 55.529396057128906, 55.81055450439453], "mean_nn_train_loss": 55.08340854644776, "std_nn_train_loss": 0.3296978433274126, "_timestamp": 1647581860, "_runtime": 495, "_step": 3, "svd_train_loss": [90.15773010253906, 89.28528594970703, 92.4460678100586, 90.839599609375, 90.73469543457031, 88.78230285644531, 91.6191635131836, 92.64712524414062, 92.61516571044922, 92.57418060302734, 90.72567749023438, 90.13240051269531, 90.14311981201172, 93.61831665039062, 89.97237396240234, 89.94596862792969, 92.73554992675781, 88.55467224121094, 93.51404571533203, 93.21692657470703], "mean_svd_train_loss": 91.2130184173584, "std_svd_train_loss": 2.442123943875049, "nn_test_loss": [73.69586944580078, 74.02690887451172, 75.468017578125, 74.42664337158203, 75.09888458251953, 73.96012878417969, 74.95549011230469, 75.85359954833984, 75.4215087890625, 75.2271957397461, 74.0417251586914, 74.41474151611328, 73.62895965576172, 76.62728881835938, 74.69818115234375, 74.15901947021484, 74.99874877929688, 73.22701263427734, 75.73095703125, 75.52288818359375], "mean_nn_test_loss": 74.75919342041016, "std_nn_test_loss": 0.7312412261962891, "svd_test_loss": [90.27347564697266, 89.49482727050781, 92.4419937133789, 91.07301330566406, 90.84062957763672, 88.96759796142578, 91.5328369140625, 92.74520111083984, 92.57872009277344, 92.52259063720703, 90.8379135131836, 90.00086212158203, 89.80340576171875, 93.85286712646484, 90.1104507446289, 90.18675231933594, 92.94487762451172, 88.38862609863281, 93.41893768310547, 93.10860443115234], "mean_svd_test_loss": 91.25621032714844, "std_svd_test_loss": 2.440436840057373, "_wandb": {"runtime": 496}}