{"nn_train_loss": [24.36034393310547, 22.15518569946289, 22.4100341796875, 18.616262435913086, 18.72197723388672, 19.105960845947266, 19.16238784790039, 19.494478225708008, 21.078580856323242, 20.054096221923828, 19.847349166870117, 20.740995407104492, 19.97773551940918, 20.331926345825195, 21.187807083129883, 19.103458404541016, 20.192323684692383, 20.0494384765625, 20.269683837890625, 18.8021183013916], "mean_nn_train_loss": 20.283107185363768, "std_nn_train_loss": 1.9389142680076836, "_timestamp": 1647477715, "_runtime": 657, "_step": 3, "svd_train_loss": [33.16552734375, 28.606916427612305, 28.283720016479492, 23.588356018066406, 22.981714248657227, 22.11940574645996, 23.549968719482422, 21.83669090270996, 22.75985336303711, 22.48587989807129, 21.754295349121094, 22.83328628540039, 22.163654327392578, 22.904191970825195, 23.700664520263672, 21.697010040283203, 22.68927574157715, 21.823518753051758, 23.613914489746094, 21.296188354492188], "mean_svd_train_loss": 23.692701625823975, "std_svd_train_loss": 8.271679726722242, "nn_test_loss": [28.073442459106445, 25.196063995361328, 25.1838436126709, 20.32884979248047, 20.27123260498047, 20.589548110961914, 20.473358154296875, 20.9442195892334, 22.61185073852539, 21.454971313476562, 21.131818771362305, 22.15078353881836, 21.358150482177734, 21.544389724731445, 22.55211067199707, 20.323406219482422, 21.50171661376953, 21.210508346557617, 21.4007625579834, 19.883737564086914], "mean_nn_test_loss": 21.909236907958984, "std_nn_test_loss": 3.9591076374053955, "svd_test_loss": [36.33926773071289, 30.445009231567383, 29.764698028564453, 24.216033935546875, 23.26986312866211, 22.413904190063477, 23.749826431274414, 22.11058807373047, 23.038501739501953, 22.59244728088379, 21.9426212310791, 22.966022491455078, 22.47496795654297, 23.058063507080078, 23.9136905670166, 21.954652786254883, 22.98207664489746, 22.102136611938477, 23.862411499023438, 21.553010940551758], "mean_svd_test_loss": 24.237491607666016, "std_svd_test_loss": 12.944177627563477, "_wandb": {"runtime": 658}}