{"nn_train_loss": [45.30029296875, 45.707740783691406, 41.619991302490234, 39.81227493286133, 42.772464752197266, 43.88399887084961, 41.69626235961914, 40.83258819580078, 43.73829650878906, 42.475467681884766, 43.67799758911133, 42.67538070678711, 43.479591369628906, 42.372955322265625, 43.94047164916992, 42.75986099243164, 43.497711181640625, 44.79567337036133, 43.14326858520508, 42.80681610107422], "mean_nn_train_loss": 43.04945526123047, "std_nn_train_loss": 1.9175782330572833, "_timestamp": 1647580816, "_runtime": 356, "_step": 3, "svd_train_loss": [46.669654846191406, 47.0825309753418, 42.902008056640625, 41.06587219238281, 44.05879211425781, 45.21197509765625, 42.81201934814453, 41.93619918823242, 45.03020477294922, 43.88105773925781, 44.93152618408203, 44.08567428588867, 44.8228645324707, 43.59083938598633, 45.34025573730469, 44.08512878417969, 44.83378219604492, 46.177955627441406, 44.469215393066406, 44.06416702270508], "mean_svd_train_loss": 44.35258617401123, "std_svd_train_loss": 2.068094164235336, "nn_test_loss": [45.147117614746094, 45.67536163330078, 41.6417236328125, 39.75897979736328, 42.638694763183594, 43.84573745727539, 41.812686920166016, 40.81570053100586, 43.85847473144531, 42.38483810424805, 43.698158264160156, 42.72949981689453, 43.30254364013672, 42.47466278076172, 43.89010238647461, 42.63813018798828, 43.55255889892578, 44.99075698852539, 43.38824462890625, 42.9901008605957], "mean_nn_test_loss": 43.061702728271484, "std_nn_test_loss": 1.9226672649383545, "svd_test_loss": [46.51779556274414, 47.04295349121094, 42.912471771240234, 40.99272918701172, 43.906585693359375, 45.1591796875, 42.925880432128906, 41.90510940551758, 45.15449142456055, 43.76517868041992, 44.93636703491211, 44.13880157470703, 44.6247444152832, 43.681922912597656, 45.286048889160156, 43.919166564941406, 44.8780517578125, 46.382694244384766, 44.72683334350586, 44.250389099121094], "mean_svd_test_loss": 44.355369567871094, "std_svd_test_loss": 2.0834693908691406, "_wandb": {"runtime": 357}}