{"nn_train_loss": [54.406532287597656, 54.40911865234375, 55.6363525390625, 54.533485412597656, 53.92857360839844, 55.869998931884766, 53.446083068847656, 53.846343994140625, 55.02680969238281, 54.710166931152344, 55.26431655883789, 55.268638610839844, 54.75420379638672, 53.92766571044922, 54.0567512512207, 54.74574279785156, 53.273738861083984, 53.85661315917969, 54.76833724975586, 55.452457427978516], "mean_nn_train_loss": 54.55909652709961, "std_nn_train_loss": 0.5011785053016502, "_timestamp": 1647581360, "_runtime": 498, "_step": 3, "svd_train_loss": [91.24576568603516, 90.4961929321289, 92.46834564208984, 91.87276458740234, 90.37421417236328, 93.42420959472656, 89.05340576171875, 90.32691192626953, 92.98149108886719, 93.61905670166016, 92.19715118408203, 93.06330871582031, 91.65514373779297, 89.7338638305664, 90.85424041748047, 92.78884887695312, 89.81980895996094, 90.50277709960938, 91.9115982055664, 93.73120880126953], "mean_svd_train_loss": 91.60601539611817, "std_svd_train_loss": 1.9028938081655358, "nn_test_loss": [75.20394897460938, 74.9038314819336, 76.21817779541016, 75.83418273925781, 75.51751708984375, 77.03933715820312, 73.87525939941406, 74.41121673583984, 76.39312744140625, 75.93617248535156, 75.6953353881836, 76.41314697265625, 74.98394775390625, 74.1453628540039, 75.08601379394531, 76.07610321044922, 73.58140563964844, 74.36538696289062, 75.62554168701172, 76.58125305175781], "mean_nn_test_loss": 75.3943099975586, "std_nn_test_loss": 0.88299959897995, "svd_test_loss": [91.13299560546875, 90.54595184326172, 92.07963562011719, 91.89227294921875, 90.58590698242188, 93.44699096679688, 88.86975860595703, 90.1420669555664, 92.93377685546875, 93.55142974853516, 92.06217956542969, 93.14997100830078, 91.48273468017578, 89.82229614257812, 91.14777374267578, 92.65460205078125, 89.73839569091797, 90.85922241210938, 91.95135498046875, 93.97370910644531], "mean_svd_test_loss": 91.60116577148438, "std_svd_test_loss": 1.9065053462982178, "_wandb": {"runtime": 499}}