{"nn_train_loss": [75.203125, 74.65299987792969, 72.91071319580078, 74.86669158935547, 73.35420989990234, 74.50592041015625, 74.69744110107422, 72.41119384765625, 75.08509826660156, 75.80020141601562, 75.22927856445312, 75.86634063720703, 76.29305267333984, 74.11013793945312, 76.16633605957031, 75.86637878417969, 74.17989349365234, 75.34788513183594, 73.9061508178711, 74.71343994140625], "mean_nn_train_loss": 74.75832443237304, "std_nn_train_loss": 1.0610154271003558, "_timestamp": 1647583327, "_runtime": 470, "_step": 3, "svd_train_loss": [92.17970275878906, 89.9299545288086, 89.15821838378906, 90.9024887084961, 88.87249755859375, 90.4222412109375, 90.45832824707031, 87.26752471923828, 90.056396484375, 92.66569519042969, 92.24666595458984, 93.20919799804688, 93.4082260131836, 90.88871765136719, 91.7083740234375, 92.7929458618164, 90.50550079345703, 90.6219711303711, 89.28268432617188, 91.31912231445312], "mean_svd_train_loss": 90.89482269287109, "std_svd_train_loss": 2.393423133422621, "nn_test_loss": [87.66340637207031, 86.41950225830078, 85.37397003173828, 86.96797943115234, 85.27591705322266, 86.6278305053711, 86.53419494628906, 84.25640869140625, 87.2081298828125, 88.21480560302734, 87.86357879638672, 88.35161590576172, 88.6476821899414, 86.23961639404297, 88.19628143310547, 87.7958755493164, 86.64177703857422, 87.78333282470703, 85.47019958496094, 87.28096008300781], "mean_nn_test_loss": 86.94065856933594, "std_nn_test_loss": 1.340864896774292, "svd_test_loss": [92.05769348144531, 89.93819427490234, 89.44465637207031, 90.75846862792969, 88.80208587646484, 90.49384307861328, 90.36085510253906, 87.34752655029297, 89.86071014404297, 92.68000030517578, 92.33258819580078, 93.37258911132812, 93.36719512939453, 90.75676727294922, 91.69037628173828, 92.430908203125, 90.62687683105469, 90.70186614990234, 89.29243469238281, 91.46665954589844], "mean_svd_test_loss": 90.88911437988281, "std_svd_test_loss": 2.319382905960083, "_wandb": {"runtime": 471}}