{"nn_train_loss": [23.385196685791016, 23.987979888916016, 24.74361801147461, 25.20529556274414, 23.972043991088867, 24.735902786254883, 23.88168716430664, 22.945390701293945, 24.328210830688477, 23.746015548706055, 23.938655853271484, 22.4763126373291, 23.827863693237305, 22.880596160888672, 22.966527938842773, 23.676218032836914, 24.70298957824707, 23.83193588256836, 24.729084014892578, 24.750083923339844], "mean_nn_train_loss": 23.935580444335937, "std_nn_train_loss": 0.5269604726743274, "_timestamp": 1647489612, "_runtime": 580, "_step": 3, "svd_train_loss": [20.699604034423828, 22.02678680419922, 22.65221405029297, 21.896438598632812, 21.629680633544922, 21.91990852355957, 21.536300659179688, 20.117427825927734, 21.563356399536133, 21.642669677734375, 21.487905502319336, 20.24655532836914, 21.9867000579834, 20.43667221069336, 20.642032623291016, 20.930551528930664, 22.36553955078125, 20.992258071899414, 22.981586456298828, 22.175148010253906], "mean_svd_train_loss": 21.496466827392577, "std_svd_train_loss": 0.6095028895737051, "nn_test_loss": [28.194271087646484, 29.397987365722656, 30.310651779174805, 30.935792922973633, 29.31906509399414, 30.147125244140625, 29.111913681030273, 27.773883819580078, 29.708995819091797, 29.02928924560547, 29.35181427001953, 27.284332275390625, 29.231388092041016, 28.0657958984375, 27.861608505249023, 28.77680778503418, 30.01363182067871, 29.0135498046875, 30.026548385620117, 30.1942138671875], "mean_nn_test_loss": 29.187429428100586, "std_nn_test_loss": 0.8927041888237, "svd_test_loss": [21.246198654174805, 22.077922821044922, 22.72702407836914, 22.96767807006836, 22.30377197265625, 22.522478103637695, 21.85191535949707, 20.610292434692383, 22.258028030395508, 22.178789138793945, 21.92546844482422, 20.532106399536133, 22.936607360839844, 21.12974739074707, 21.767663955688477, 21.26036834716797, 23.153560638427734, 21.802244186401367, 23.706159591674805, 22.77988624572754], "mean_svd_test_loss": 22.086894989013672, "std_svd_test_loss": 0.6795072555541992, "_wandb": {"runtime": 581}}