{"eval_return": 9.4, "_runtime": 15, "_timestamp": 1633657269, "_step": 38640, "train_critic_loss": 1.048002004623413, "gradients/layer2.bias": {"_type": "histogram", "values": [1.0, 0.0, 0.0, 0.0, 0.0, 0.0, 0.0, 0.0, 0.0, 0.0, 0.0, 0.0, 0.0, 0.0, 0.0, 0.0, 0.0, 0.0, 0.0, 0.0, 0.0, 0.0, 0.0, 0.0, 0.0, 0.0, 0.0, 0.0, 0.0, 0.0, 0.0, 0.0, 0.0, 0.0, 0.0, 0.0, 0.0, 0.0, 0.0, 0.0, 0.0, 0.0, 0.0, 0.0, 0.0, 0.0, 0.0, 0.0, 0.0, 0.0, 0.0, 0.0, 0.0, 0.0, 0.0, 0.0, 0.0, 0.0, 0.0, 0.0, 0.0, 0.0, 0.0, 1.0], "bins": [-1.3140254020690918, -1.2935270071029663, -1.2730284929275513, -1.2525300979614258, -1.2320315837860107, -1.2115331888198853, -1.1910347938537598, -1.1705362796783447, -1.1500378847122192, -1.1295394897460938, -1.1090409755706787, -1.0885425806045532, -1.0680440664291382, -1.0475456714630127, -1.0270471572875977, -1.0065487623214722, -0.9860502481460571, -0.9655517935752869, -0.9450533390045166, -0.9245549440383911, -0.9040564894676208, -0.8835580348968506, -0.8630595803260803, -0.8425611257553101, -0.8220627307891846, -0.8015642762184143, -0.781065821647644, -0.7605674266815186, -0.7400689721107483, -0.719570517539978, -0.6990720629692078, -0.6785736083984375, -0.6580751538276672, -0.637576699256897, -0.6170782446861267, -0.5965797901153564, -0.576081395149231, -0.5555829405784607, -0.5350844860076904, -0.5145860314369202, -0.4940875768661499, -0.47358912229537964, -0.45309069752693176, -0.4325922429561615, -0.41209378838539124, -0.39159536361694336, -0.3710969090461731, -0.35059845447540283, -0.33010002970695496, -0.3096015751361847, -0.2891031503677368, -0.26860469579696655, -0.2481062412261963, -0.22760780155658722, -0.20710936188697815, -0.18661090731620789, -0.16611245274543762, -0.14561401307582855, -0.1251155585050583, -0.10461711883544922, -0.08411867171525955, -0.06362022459506989, -0.043121784925460815, -0.022623330354690552, -0.0021248969715088606]}, "gradients/layer2.weight": {"_type": "histogram", "values": [1.0, 0.0, 0.0, 0.0, 0.0, 0.0, 0.0, 0.0, 0.0, 0.0, 0.0, 0.0, 0.0, 0.0, 0.0, 0.0, 0.0, 0.0, 0.0, 0.0, 0.0, 0.0, 0.0, 0.0, 0.0, 0.0, 0.0, 0.0, 0.0, 0.0, 0.0, 0.0, 0.0, 1.0, 0.0, 2.0, 1.0, 1.0, 0.0, 2.0, 0.0, 0.0, 0.0, 1.0, 0.0, 0.0, 1.0, 1.0, 0.0, 0.0, 1.0, 0.0, 1.0, 1.0, 0.0, 1.0, 2.0, 1.0, 2.0, 0.0, 1.0, 0.0, 1.0, 38.0], "bins": [-0.5598682761192322, -0.5511203408241272, -0.5423724055290222, -0.5336244702339172, -0.5248765349388123, -0.5161285400390625, -0.5073806047439575, -0.49863266944885254, -0.48988473415374756, -0.4811367988586426, -0.4723888635635376, -0.46364089846611023, -0.45489296317100525, -0.44614502787590027, -0.4373970925807953, -0.4286491274833679, -0.41990119218826294, -0.41115325689315796, -0.402405321598053, -0.3936573565006256, -0.38490942120552063, -0.37616148591041565, -0.36741355061531067, -0.3586655855178833, -0.3499176800251007, -0.3411697447299957, -0.33242180943489075, -0.3236738443374634, -0.3149259090423584, -0.3061779737472534, -0.29743003845214844, -0.28868210315704346, -0.2799341380596161, -0.2711862027645111, -0.26243826746940613, -0.25369030237197876, -0.24494236707687378, -0.2361944317817688, -0.22744649648666382, -0.21869854629039764, -0.20995059609413147, -0.2012026607990265, -0.19245471060276031, -0.18370677530765533, -0.17495882511138916, -0.16621088981628418, -0.1574629545211792, -0.14871500432491302, -0.13996706902980804, -0.13121913373470306, -0.12247118353843689, -0.11372324824333191, -0.10497529804706573, -0.09622736275196075, -0.08747942000627518, -0.0787314772605896, -0.06998353451490402, -0.061235591769218445, -0.05248764902353287, -0.04373971000313759, -0.03499176725745201, -0.026243824511766434, -0.017495885491371155, -0.008747942745685577, 0.0]}, "gradients/layer1.bias": {"_type": "histogram", "values": [1.0, 1.0, 0.0, 0.0, 0.0, 0.0, 1.0, 0.0, 0.0, 1.0, 0.0, 0.0, 0.0, 0.0, 1.0, 1.0, 0.0, 0.0, 1.0, 0.0, 0.0, 1.0, 0.0, 0.0, 0.0, 1.0, 0.0, 0.0, 0.0, 0.0, 0.0, 0.0, 1.0, 2.0, 0.0, 5.0, 3.0, 1.0, 4.0, 1.0, 0.0, 2.0, 0.0, 0.0, 1.0, 0.0, 0.0, 0.0, 0.0, 0.0, 0.0, 0.0, 0.0, 0.0, 0.0, 0.0, 0.0, 0.0, 0.0, 0.0, 0.0, 0.0, 0.0, 1.0], "bins": [-0.19832071661949158, -0.19280563294887543, -0.18729054927825928, -0.18177546560764313, -0.17626038193702698, -0.17074531316757202, -0.16523022949695587, -0.15971514582633972, -0.15420006215572357, -0.14868497848510742, -0.14316989481449127, -0.13765481114387512, -0.13213974237442017, -0.12662465870380402, -0.12110957503318787, -0.11559449136257172, -0.11007940769195557, -0.10456432402133942, -0.09904924035072327, -0.09353416413068771, -0.08801908046007156, -0.08250399678945541, -0.07698892056941986, -0.07147383689880371, -0.06595875322818756, -0.06044366955757141, -0.05492858961224556, -0.04941350966691971, -0.04389842599630356, -0.03838334232568741, -0.03286826238036156, -0.027353182435035706, -0.021838083863258362, -0.01632300205528736, -0.01080792024731636, -0.00529283843934536, 0.00022224336862564087, 0.0057373251765966415, 0.011252406984567642, 0.016767486929893494, 0.022282570600509644, 0.027797652408480644, 0.033312734216451645, 0.038827814161777496, 0.044342897832393646, 0.049857981503009796, 0.05537306144833565, 0.0608881413936615, 0.06640322506427765, 0.0719183087348938, 0.07743339240550995, 0.0829484686255455, 0.08846355229616165, 0.0939786359667778, 0.09949371218681335, 0.1050087958574295, 0.11052387952804565, 0.1160389631986618, 0.12155404686927795, 0.1270691305398941, 0.13258421421051025, 0.1380992829799652, 0.14361436665058136, 0.1491294503211975, 0.15464453399181366]}, "gradients/layer1.weight": {"_type": "histogram", "values": [1.0, 0.0, 1.0, 0.0, 0.0, 0.0, 1.0, 0.0, 0.0, 1.0, 1.0, 0.0, 0.0, 1.0, 1.0, 1.0, 0.0, 2.0, 5.0, 3.0, 2.0, 3.0, 4.0, 4.0, 9.0, 8.0, 15.0, 9.0, 8.0, 11.0, 15.0, 14.0, 15.0, 23.0, 43.0, 440.0, 168.0, 41.0, 18.0, 9.0, 4.0, 2.0, 3.0, 1.0, 1.0, 5.0, 1.0, 1.0, 0.0, 2.0, 1.0, 0.0, 0.0, 1.0, 0.0, 0.0, 0.0, 0.0, 0.0, 0.0, 0.0, 0.0, 0.0, 1.0], "bins": [-0.14378130435943604, -0.13978305459022522, -0.1357847899198532, -0.1317865401506424, -0.12778829038143158, -0.12379003316164017, -0.11979177594184875, -0.11579352617263794, -0.11179526895284653, -0.10779701173305511, -0.1037987619638443, -0.09980050474405289, -0.09580224752426147, -0.09180399775505066, -0.08780574053525925, -0.08380748331546783, -0.07980923354625702, -0.0758109763264656, -0.07181272655725479, -0.06781446933746338, -0.06381621956825256, -0.05981796234846115, -0.05581970512866974, -0.051821451634168625, -0.04782319813966751, -0.0438249446451664, -0.03982669115066528, -0.03582843393087387, -0.03183018043637276, -0.027831926941871643, -0.02383367158472538, -0.019835416227579117, -0.015837162733078003, -0.011838908307254314, -0.007840653881430626, -0.0038423994556069374, 0.0001558549702167511, 0.004154108464717865, 0.008152363821864128, 0.012150619179010391, 0.016148872673511505, 0.02014712616801262, 0.024145381525158882, 0.028143636882305145, 0.03214189037680626, 0.03614014387130737, 0.040138401091098785, 0.0441366545855999, 0.04813490808010101, 0.05213316157460213, 0.05613141506910324, 0.06012967228889465, 0.06412792205810547, 0.06812617927789688, 0.0721244364976883, 0.07612268626689911, 0.08012094348669052, 0.08411920070648193, 0.08811745047569275, 0.09211570769548416, 0.09611396491527557, 0.10011221468448639, 0.1041104719042778, 0.10810872912406921, 0.11210697889328003]}, "gradients/layer0.bias": {"_type": "histogram", "values": [1.0, 0.0, 0.0, 0.0, 0.0, 1.0, 0.0, 1.0, 0.0, 0.0, 1.0, 0.0, 0.0, 1.0, 0.0, 0.0, 0.0, 0.0, 0.0, 0.0, 0.0, 0.0, 1.0, 1.0, 1.0, 1.0, 0.0, 0.0, 1.0, 0.0, 2.0, 1.0, 3.0, 6.0, 0.0, 2.0, 2.0, 0.0, 0.0, 1.0, 0.0, 0.0, 0.0, 0.0, 0.0, 1.0, 0.0, 0.0, 0.0, 0.0, 0.0, 0.0, 0.0, 0.0, 0.0, 0.0, 0.0, 1.0, 0.0, 0.0, 0.0, 0.0, 0.0, 1.0],