{"nn_train_loss": [58.25297927856445, 54.93355178833008, 55.91035079956055, 59.07324981689453, 58.06630325317383, 57.45552062988281, 57.46266174316406, 56.64943313598633, 56.91575241088867, 57.17577362060547, 56.707096099853516, 56.46611785888672, 57.965789794921875, 57.84345245361328, 57.465824127197266, 56.88142776489258, 58.230865478515625, 55.41055679321289, 56.593475341796875, 57.83247375488281], "mean_nn_train_loss": 57.16463279724121, "std_nn_train_loss": 0.9824452849374211, "_timestamp": 1647577266, "_runtime": 568, "_step": 3, "svd_train_loss": [93.0402603149414, 88.43472290039062, 90.15164184570312, 96.03426361083984, 92.34452819824219, 92.1457290649414, 91.087890625, 91.1159439086914, 90.75431823730469, 91.95762634277344, 90.84249877929688, 90.96564483642578, 92.71484375, 91.89723205566406, 90.18653869628906, 90.26148223876953, 92.32107543945312, 87.93651580810547, 90.68144226074219, 91.74198150634766], "mean_svd_train_loss": 91.3308090209961, "std_svd_train_loss": 2.774909266990144, "nn_test_loss": [66.91934204101562, 63.10292053222656, 64.05631256103516, 67.42286682128906, 66.37950134277344, 65.91730499267578, 65.42991638183594, 64.8035659790039, 65.08123016357422, 65.26840209960938, 64.58856201171875, 64.74493408203125, 66.29437255859375, 65.8166732788086, 65.58683776855469, 65.0193099975586, 66.04183197021484, 63.525272369384766, 65.1456069946289, 66.09705352783203], "mean_nn_test_loss": 65.36209869384766, "std_nn_test_loss": 1.0937179327011108, "svd_test_loss": [93.33194732666016, 88.57263946533203, 90.14215850830078, 95.87785339355469, 92.57552337646484, 92.10096740722656, 90.93222045898438, 90.8358154296875, 90.70849609375, 91.9662094116211, 91.05934143066406, 91.07868194580078, 92.6646728515625, 91.69036865234375, 90.13382720947266, 90.63471984863281, 92.16424560546875, 87.9260025024414, 91.0644302368164, 91.86897277832031], "mean_svd_test_loss": 91.36646270751953, "std_svd_test_loss": 2.6811721324920654, "_wandb": {"runtime": 569}}