{"nn_train_loss": [34.26891326904297, 34.07375717163086, 34.021976470947266, 33.78392791748047, 34.24555206298828, 32.54848098754883, 33.140499114990234, 32.30116271972656, 31.977989196777344, 32.383514404296875, 33.193023681640625, 31.93851089477539, 33.5021858215332, 34.18478012084961, 34.158843994140625, 34.66621017456055, 31.920820236206055, 32.84440612792969, 33.44332504272461, 32.296390533447266], "mean_nn_train_loss": 33.24471349716187, "std_nn_train_loss": 0.7865926566967664, "_timestamp": 1647496000, "_runtime": 623, "_step": 3, "svd_train_loss": [43.97452926635742, 41.81087875366211, 43.251983642578125, 42.419132232666016, 43.21431350708008, 41.82178497314453, 41.508480072021484, 41.214176177978516, 41.52396011352539, 41.5421028137207, 42.2509880065918, 40.43147659301758, 42.49970245361328, 43.39381790161133, 43.3758544921875, 43.55253601074219, 40.422542572021484, 41.970401763916016, 42.421974182128906, 40.32604217529297], "mean_svd_train_loss": 42.146333885192874, "std_svd_train_loss": 1.126979411398461, "nn_test_loss": [37.367393493652344, 36.940277099609375, 36.804744720458984, 36.73057556152344, 37.27466583251953, 35.50608825683594, 35.89641571044922, 35.094783782958984, 34.95402145385742, 35.38992691040039, 36.11069869995117, 34.828941345214844, 36.3316650390625, 37.05255889892578, 37.31828308105469, 37.593204498291016, 34.599674224853516, 35.88079071044922, 36.348350524902344, 34.69194412231445], "mean_nn_test_loss": 36.13574981689453, "std_nn_test_loss": 0.9208486676216125, "svd_test_loss": [47.115177154541016, 44.67389678955078, 46.11323165893555, 45.45340347290039, 46.269020080566406, 44.59123229980469, 43.926429748535156, 43.932334899902344, 44.25505447387695, 43.98605728149414, 45.037574768066406, 43.22279739379883, 45.43986892700195, 46.4288444519043, 46.398101806640625, 46.574737548828125, 43.2115364074707, 44.588993072509766, 45.19073486328125, 42.91254425048828], "mean_svd_test_loss": 44.9660758972168, "std_svd_test_loss": 1.462298035621643, "_wandb": {"runtime": 625}}