{"nn_train_loss": [53.18488693237305, 54.912437438964844, 54.725807189941406, 53.98478698730469, 53.51777267456055, 52.31332778930664, 53.50199890136719, 53.81315612792969, 53.11565017700195, 53.52337646484375, 52.92911911010742, 52.88295364379883, 55.43194580078125, 53.849918365478516, 52.12480163574219, 52.748748779296875, 54.388916015625, 52.323387145996094, 52.136146545410156, 53.006126403808594], "mean_nn_train_loss": 53.420763206481936, "std_nn_train_loss": 0.8328415654868515, "_timestamp": 1647580857, "_runtime": 493, "_step": 3, "svd_train_loss": [91.49063873291016, 94.47637176513672, 93.71383666992188, 92.39424133300781, 90.89060974121094, 89.27518463134766, 91.19152069091797, 92.70849609375, 90.79803466796875, 91.36190032958984, 89.697021484375, 90.88195037841797, 95.81455993652344, 92.38046264648438, 88.18992614746094, 89.889404296875, 92.77336883544922, 90.71959686279297, 89.16275787353516, 92.51094055175781], "mean_svd_train_loss": 91.51604118347169, "std_svd_train_loss": 3.3616122276608076, "nn_test_loss": [75.44465637207031, 77.8206787109375, 77.46643829345703, 76.91702270507812, 75.06880950927734, 74.12744140625, 74.96697235107422, 76.6070785522461, 75.16683197021484, 75.55545806884766, 74.29856872558594, 75.30177307128906, 78.20633697509766, 75.89300537109375, 73.03547668457031, 74.66027069091797, 77.04551696777344, 74.30863952636719, 73.45719146728516, 75.89347839355469], "mean_nn_test_loss": 75.56208038330078, "std_nn_test_loss": 1.9378169775009155, "svd_test_loss": [91.60968017578125, 94.310791015625, 93.79338073730469, 92.36101531982422, 90.98318481445312, 89.0742416381836, 90.8984375, 92.74269104003906, 90.68852233886719, 91.20782470703125, 89.9981689453125, 91.07936096191406, 95.71186065673828, 92.5582046508789, 87.89064025878906, 89.78521728515625, 92.81905364990234, 90.6477279663086, 89.08567810058594, 92.3303451538086], "mean_svd_test_loss": 91.47880554199219, "std_svd_test_loss": 3.4475302696228027, "_wandb": {"runtime": 494}}