{"nn_train_loss": [50.13722610473633, 50.21650695800781, 50.33124923706055, 51.80171203613281, 51.524349212646484, 50.30472183227539, 50.74776077270508, 50.14501190185547, 50.77811050415039, 51.329593658447266, 50.383033752441406, 50.933780670166016, 51.33029556274414, 50.61676788330078, 49.933380126953125, 52.65509033203125, 50.64686584472656, 50.03715515136719, 50.1839599609375, 51.85148620605469], "mean_nn_train_loss": 50.79440288543701, "std_nn_train_loss": 0.5137188418746155, "_timestamp": 1647579357, "_runtime": 491, "_step": 3, "svd_train_loss": [86.32752227783203, 89.06307983398438, 87.33255767822266, 91.57638549804688, 89.63602447509766, 89.12105560302734, 88.3964614868164, 88.1203384399414, 89.25442504882812, 89.34920501708984, 88.7549819946289, 88.53627014160156, 89.16941833496094, 89.88665008544922, 88.10916900634766, 93.01956176757812, 88.94342041015625, 87.60525512695312, 87.69530487060547, 91.1869888305664], "mean_svd_train_loss": 89.05420379638672, "std_svd_train_loss": 2.236172661478631, "nn_test_loss": [69.39904022216797, 70.17686462402344, 69.95305633544922, 71.68768310546875, 71.65355682373047, 69.65697479248047, 70.4097671508789, 70.2096939086914, 70.9209213256836, 71.6119155883789, 70.25936126708984, 70.37390899658203, 71.49727630615234, 70.51036834716797, 69.51586151123047, 73.12252044677734, 70.60079193115234, 69.3801498413086, 69.69306945800781, 72.15232849121094], "mean_nn_test_loss": 70.6392593383789, "std_nn_test_loss": 0.9872962832450867, "svd_test_loss": [86.54081726074219, 89.32111358642578, 87.6589584350586, 91.37041473388672, 89.59325408935547, 88.94947814941406, 88.14476776123047, 88.27642822265625, 89.11524963378906, 89.24723815917969, 88.8276138305664, 88.3696517944336, 89.30435943603516, 89.3636474609375, 88.2775650024414, 92.84379577636719, 89.21575164794922, 87.81185150146484, 87.64527893066406, 91.30227661132812], "mean_svd_test_loss": 89.05897521972656, "std_svd_test_loss": 1.9862439632415771, "_wandb": {"runtime": 493}}