{"nn_train_loss": [22.952661514282227, 23.512971878051758, 24.45074462890625, 23.505422592163086, 23.519887924194336, 24.804115295410156, 23.43166732788086, 24.674833297729492, 23.873947143554688, 24.258325576782227, 24.646549224853516, 23.42559242248535, 26.080116271972656, 23.64414405822754, 24.31580924987793, 24.273000717163086, 25.228260040283203, 23.508089065551758, 23.706899642944336, 22.714263916015625], "mean_nn_train_loss": 24.026365089416505, "std_nn_train_loss": 0.6185749050695085, "_timestamp": 1647485251, "_runtime": 603, "_step": 3, "svd_train_loss": [21.31200408935547, 20.900249481201172, 21.98151206970215, 20.770809173583984, 21.510337829589844, 21.732675552368164, 20.706623077392578, 21.673168182373047, 22.902210235595703, 21.634403228759766, 22.251188278198242, 20.936962127685547, 22.77605438232422, 21.560455322265625, 22.069793701171875, 21.775100708007812, 22.566200256347656, 21.087356567382812, 22.092256546020508, 20.283588409423828], "mean_svd_train_loss": 21.6261474609375, "std_svd_train_loss": 0.4794691146381956, "nn_test_loss": [27.733407974243164, 28.765756607055664, 29.911212921142578, 28.527759552001953, 28.51625633239746, 30.03021812438965, 28.517942428588867, 29.913164138793945, 29.01783561706543, 29.354942321777344, 29.783464431762695, 28.769277572631836, 31.967559814453125, 28.63971519470215, 29.44260025024414, 29.49653434753418, 30.495895385742188, 28.473949432373047, 28.992298126220703, 27.75554656982422], "mean_nn_test_loss": 29.20526695251465, "std_nn_test_loss": 0.923326313495636, "svd_test_loss": [21.246906280517578, 21.365234375, 22.418243408203125, 21.178733825683594, 22.164430618286133, 22.380298614501953, 21.48103141784668, 22.031877517700195, 22.65152931213379, 22.156143188476562, 22.636207580566406, 21.374874114990234, 23.371292114257812, 21.935916900634766, 23.217979431152344, 22.181676864624023, 22.940629959106445, 21.554248809814453, 22.501808166503906, 21.07155418395996], "mean_svd_test_loss": 22.09303092956543, "std_svd_test_loss": 0.4465571343898773, "_wandb": {"runtime": 605}}