{"nn_train_loss": [50.00617599487305, 51.526424407958984, 49.1416015625, 51.78072738647461, 50.443119049072266, 50.47529983520508, 51.72016525268555, 49.771949768066406, 49.692161560058594, 51.55056381225586, 51.59331130981445, 50.062007904052734, 50.48814392089844, 50.39773178100586, 50.43193435668945, 50.711002349853516, 50.37577438354492, 51.148983001708984, 50.70185470581055, 52.41096878051758], "mean_nn_train_loss": 50.72149505615234, "std_nn_train_loss": 0.657839453992201, "_timestamp": 1647578860, "_runtime": 765, "_step": 3, "svd_train_loss": [87.67854309082031, 90.0929946899414, 85.18484497070312, 89.1166763305664, 87.13067626953125, 87.29045867919922, 90.58650970458984, 86.48004150390625, 86.59809875488281, 87.68827056884766, 88.96033477783203, 87.34645080566406, 88.68473815917969, 86.44823455810547, 88.86936950683594, 87.43509674072266, 86.09420013427734, 86.54779052734375, 87.27422332763672, 91.93679809570312], "mean_svd_train_loss": 87.87221755981446, "std_svd_train_loss": 2.635934335145284, "nn_test_loss": [68.96742248535156, 71.1871566772461, 68.10689544677734, 71.32401275634766, 69.05060577392578, 69.46891784667969, 71.83363342285156, 68.5050277709961, 69.16343688964844, 70.78358459472656, 70.73258209228516, 69.3973617553711, 70.22855377197266, 69.20024108886719, 69.68360137939453, 69.75787353515625, 69.19901275634766, 69.31861114501953, 70.1006088256836, 72.35486602783203], "mean_nn_test_loss": 69.91819763183594, "std_nn_test_loss": 1.209240198135376, "svd_test_loss": [87.8748779296875, 90.18841552734375, 85.00837707519531, 89.26878356933594, 87.42982482910156, 87.45079803466797, 90.37633514404297, 86.76412200927734, 86.78794860839844, 87.77242279052734, 89.0787582397461, 87.36793518066406, 88.88327026367188, 86.790283203125, 88.94569396972656, 87.52618408203125, 86.17326354980469, 86.24687194824219, 87.25588989257812, 92.01020812988281], "mean_svd_test_loss": 87.96000671386719, "std_svd_test_loss": 2.6312968730926514, "_wandb": {"runtime": 767}}