{"nn_train_loss": [43.573997497558594, 43.12711715698242, 43.844478607177734, 43.51377487182617, 45.42689514160156, 46.14630889892578, 45.31038284301758, 41.785743713378906, 43.32603073120117, 42.33509826660156, 43.78032684326172, 42.097469329833984, 42.34909439086914, 43.186283111572266, 43.325286865234375, 45.25971221923828, 45.954769134521484, 41.214805603027344, 43.50608444213867, 43.16858673095703], "mean_nn_train_loss": 43.61161231994629, "std_nn_train_loss": 1.8143594949862745, "_timestamp": 1647581914, "_runtime": 362, "_step": 3, "svd_train_loss": [43.782901763916016, 43.33956527709961, 44.054908752441406, 43.71781921386719, 45.638755798339844, 46.338401794433594, 45.514320373535156, 41.98321533203125, 43.51625442504883, 42.53409957885742, 43.9788818359375, 42.28306579589844, 42.537750244140625, 43.37765121459961, 43.51775360107422, 45.450965881347656, 46.19346237182617, 41.40337371826172, 43.69835662841797, 43.36591720581055], "mean_svd_train_loss": 43.81137104034424, "std_svd_train_loss": 1.8304946397016106, "nn_test_loss": [43.68129348754883, 42.98323059082031, 43.65138244628906, 43.59056854248047, 45.30315017700195, 46.00056457519531, 45.360679626464844, 41.66566848754883, 43.361671447753906, 42.402130126953125, 43.68195343017578, 42.12553024291992, 42.17006301879883, 43.09651565551758, 43.19866943359375, 45.20008087158203, 46.02756881713867, 41.24168014526367, 43.54979705810547, 43.04119110107422], "mean_nn_test_loss": 43.56666946411133, "std_nn_test_loss": 1.8167073726654053, "svd_test_loss": [43.88862609863281, 43.195743560791016, 43.85960006713867, 43.79341506958008, 45.514041900634766, 46.19110870361328, 45.565303802490234, 41.85923767089844, 43.55278778076172, 42.60051345825195, 43.87879943847656, 42.310142517089844, 42.358707427978516, 43.28550338745117, 43.390838623046875, 45.390586853027344, 46.26519775390625, 41.4300651550293, 43.74274826049805, 43.23690414428711], "mean_svd_test_loss": 43.7654914855957, "std_svd_test_loss": 1.8335142135620117, "_wandb": {"runtime": 363}}