{"nn_train_loss": [61.10706329345703, 57.82643127441406, 60.227813720703125, 60.293941497802734, 60.83311080932617, 58.55767059326172, 61.13756561279297, 59.362545013427734, 60.038475036621094, 60.24070358276367, 60.64210510253906, 58.893287658691406, 59.05699157714844, 58.90358352661133, 60.26304626464844, 59.905330657958984, 59.041812896728516, 60.16334533691406, 58.8077507019043, 60.58867263793945], "mean_nn_train_loss": 59.794562339782715, "std_nn_train_loss": 0.8148933851449328, "_timestamp": 1647576693, "_runtime": 39611, "_step": 3, "svd_train_loss": [94.30567932128906, 90.32262420654297, 92.88906860351562, 93.38983917236328, 93.47029876708984, 89.35482025146484, 94.08750915527344, 91.67120361328125, 93.2541275024414, 92.2927017211914, 93.7175064086914, 91.59022521972656, 91.21244812011719, 90.80341339111328, 91.96288299560547, 91.92317962646484, 90.07357788085938, 92.9153060913086, 90.1817398071289, 94.66793823242188], "mean_svd_train_loss": 92.20430450439453, "std_svd_train_loss": 2.2725017045298594, "nn_test_loss": [67.96345520019531, 64.331787109375, 67.36626434326172, 67.19152069091797, 67.65869140625, 64.85307312011719, 67.84632110595703, 66.02753448486328, 67.05238342285156, 66.69206237792969, 67.76917266845703, 65.55564880371094, 66.083740234375, 65.42047119140625, 66.77680206298828, 66.82984924316406, 65.74296569824219, 66.85855865478516, 65.61659240722656, 68.02952575683594], "mean_nn_test_loss": 66.58332061767578, "std_nn_test_loss": 1.1106780767440796, "svd_test_loss": [94.2391586303711, 90.50682067871094, 92.92264556884766, 93.37042999267578, 93.54216003417969, 88.94232940673828, 93.88935852050781, 91.56253814697266, 93.23587036132812, 91.98588562011719, 93.73298645019531, 91.44955444335938, 91.36380004882812, 90.68889617919922, 91.75759887695312, 92.08464050292969, 90.16460418701172, 92.59993743896484, 90.34825134277344, 94.67446899414062], "mean_svd_test_loss": 92.15309143066406, "std_svd_test_loss": 2.281289577484131, "_wandb": {"runtime": 39612}}