{"nn_train_loss": [42.11153030395508, 42.8651008605957, 39.8073616027832, 42.46501159667969, 40.67645263671875, 38.69776153564453, 40.16499328613281, 40.124996185302734, 39.332923889160156, 42.450382232666016, 38.90987777709961, 39.62405776977539, 39.36204147338867, 38.71272659301758, 42.80909729003906, 41.874305725097656, 42.80962371826172, 39.578758239746094, 38.90798568725586, 39.06535720825195], "mean_nn_train_loss": 40.517517280578616, "std_nn_train_loss": 2.3502595373887383, "_timestamp": 1647580081, "_runtime": 357, "_step": 3, "svd_train_loss": [45.34222412109375, 46.37250900268555, 42.793697357177734, 45.789398193359375, 43.755374908447266, 41.70248031616211, 43.32836151123047, 42.98102951049805, 42.540130615234375, 46.1029052734375, 41.917999267578125, 42.77259826660156, 42.37321853637695, 41.725440979003906, 46.008365631103516, 45.1522331237793, 45.99277877807617, 42.54962158203125, 41.807777404785156, 42.222476959228516], "mean_svd_train_loss": 43.66153106689453, "std_svd_train_loss": 2.812008195145463, "nn_test_loss": [42.16032791137695, 42.958221435546875, 39.803016662597656, 42.46219253540039, 40.84651184082031, 38.63503646850586, 40.35407257080078, 40.339210510253906, 39.27650833129883, 42.351966857910156, 39.08135223388672, 39.458526611328125, 39.32742691040039, 38.71866989135742, 42.73708724975586, 41.91482925415039, 42.828651428222656, 39.71582794189453, 39.07451248168945, 39.08454513549805], "mean_nn_test_loss": 40.556427001953125, "std_nn_test_loss": 2.3184268474578857, "svd_test_loss": [45.363529205322266, 46.44384002685547, 42.74588394165039, 45.74635314941406, 43.88917541503906, 41.63663864135742, 43.505126953125, 43.225990295410156, 42.45530319213867, 45.932586669921875, 42.05952835083008, 42.59529113769531, 42.33375549316406, 41.69392776489258, 45.90365982055664, 45.201271057128906, 45.960208892822266, 42.68608093261719, 41.95948028564453, 42.2260856628418], "mean_svd_test_loss": 43.678184509277344, "std_svd_test_loss": 2.7362403869628906, "_wandb": {"runtime": 357}}