{"nn_train_loss": [18.630788803100586, 17.930936813354492, 17.675437927246094, 17.583839416503906, 19.514671325683594, 19.521499633789062, 18.09650230407715, 19.918928146362305, 19.432462692260742, 21.38528823852539, 20.506465911865234, 20.15272331237793, 21.323780059814453, 20.728452682495117, 21.185834884643555, 20.210195541381836, 21.395004272460938, 20.348989486694336, 20.202903747558594, 21.317747116088867], "mean_nn_train_loss": 19.853122615814208, "std_nn_train_loss": 1.5579970797485567, "_timestamp": 1647475723, "_runtime": 670, "_step": 3, "svd_train_loss": [21.521175384521484, 21.12188148498535, 20.481779098510742, 20.173776626586914, 21.25060272216797, 20.82331657409668, 19.741256713867188, 20.58971405029297, 20.676889419555664, 22.379858016967773, 21.133445739746094, 21.069637298583984, 22.246196746826172, 21.379907608032227, 22.04519271850586, 21.346433639526367, 22.34046173095703, 21.229331970214844, 20.614856719970703, 21.905893325805664], "mean_svd_train_loss": 21.203580379486084, "std_svd_train_loss": 0.5007410096407966, "nn_test_loss": [20.86229705810547, 20.292829513549805, 19.95122528076172, 19.719812393188477, 21.88322639465332, 22.08118438720703, 20.036409378051758, 22.269031524658203, 21.401668548583984, 23.50115203857422, 22.49496078491211, 22.04584312438965, 23.225513458251953, 23.025442123413086, 23.196121215820312, 22.11211585998535, 23.443132400512695, 22.12234115600586, 21.962982177734375, 23.21449089050293], "mean_nn_test_loss": 21.94209098815918, "std_nn_test_loss": 1.3957972526550293, "svd_test_loss": [21.9613094329834, 21.42848014831543, 20.90752410888672, 20.534027099609375, 21.60470962524414, 21.346542358398438, 19.97148895263672, 20.994707107543945, 20.900312423706055, 22.699398040771484, 21.354812622070312, 21.427248001098633, 22.488595962524414, 21.803146362304688, 22.514039993286133, 21.78487777709961, 22.707048416137695, 21.401090621948242, 20.948991775512695, 22.298675537109375], "mean_svd_test_loss": 21.553852081298828, "std_svd_test_loss": 0.5240840315818787, "_wandb": {"runtime": 671}}