{"nn_train_loss": [22.65778350830078, 24.166608810424805, 26.071945190429688, 26.154020309448242, 28.73752212524414, 29.288501739501953, 30.287601470947266, 26.554840087890625, 28.093555450439453, 26.998567581176758, 28.658292770385742, 25.77471351623535, 27.87946319580078, 27.010339736938477, 26.98568344116211, 27.533843994140625, 27.219118118286133, 27.323392868041992, 27.30792808532715, 28.301868438720703], "mean_nn_train_loss": 27.15027952194214, "std_nn_train_loss": 2.785955678919663, "_timestamp": 1647474404, "_runtime": 632, "_step": 3, "svd_train_loss": [19.673828125, 20.135671615600586, 20.570362091064453, 19.821409225463867, 21.361095428466797, 21.81418228149414, 21.868568420410156, 19.059940338134766, 21.115114212036133, 20.137203216552734, 21.577579498291016, 19.764820098876953, 21.494670867919922, 20.799968719482422, 20.62240982055664, 21.13437843322754, 21.323341369628906, 21.362306594848633, 21.497264862060547, 21.38164520263672], "mean_svd_train_loss": 20.825788021087646, "std_svd_train_loss": 0.6237505599510313, "nn_test_loss": [28.198984146118164, 28.595436096191406, 30.39857292175293, 30.234529495239258, 32.96279525756836, 33.98459243774414, 34.88214874267578, 30.085538864135742, 32.09900665283203, 30.389781951904297, 32.90972900390625, 29.248050689697266, 32.071651458740234, 30.622888565063477, 30.4206485748291, 31.174217224121094, 30.969449996948242, 31.302337646484375, 31.18330192565918, 31.864261627197266], "mean_nn_test_loss": 31.17989158630371, "std_nn_test_loss": 2.6710901260375977, "svd_test_loss": [20.193714141845703, 20.640220642089844, 20.969451904296875, 20.146821975708008, 21.791311264038086, 22.292356491088867, 22.217269897460938, 19.464767456054688, 21.506088256835938, 20.555429458618164, 22.150667190551758, 20.24496078491211, 22.019636154174805, 21.19388771057129, 20.971027374267578, 21.63882064819336, 21.642532348632812, 21.826671600341797, 21.930940628051758, 21.78631591796875], "mean_svd_test_loss": 21.259143829345703, "std_svd_test_loss": 0.6357777714729309, "_wandb": {"runtime": 633}}