{"nn_train_loss": [42.3394775390625, 42.872467041015625, 43.17438507080078, 43.66331100463867, 42.23174285888672, 43.33921813964844, 45.21882247924805, 44.08857727050781, 43.862491607666016, 42.40288162231445, 43.117881774902344, 44.4654541015625, 40.29893493652344, 42.19441604614258, 43.30949783325195, 44.2647705078125, 44.506446838378906, 44.15494918823242, 44.44533157348633, 41.77944564819336], "mean_nn_train_loss": 43.28652515411377, "std_nn_train_loss": 1.3089272936853737, "_timestamp": 1647581544, "_runtime": 358, "_step": 3, "svd_train_loss": [42.7453498840332, 43.29096221923828, 43.55643081665039, 44.0570182800293, 42.61838150024414, 43.705848693847656, 45.610145568847656, 44.44542694091797, 44.23631286621094, 42.771419525146484, 43.479347229003906, 44.856632232666016, 40.67034149169922, 42.56159210205078, 43.66615295410156, 44.60956954956055, 44.88070297241211, 44.522064208984375, 44.8629264831543, 42.15105438232422], "mean_svd_train_loss": 43.66488399505615, "std_svd_train_loss": 1.311872730427822, "nn_test_loss": [42.48447036743164, 42.709877014160156, 43.19288635253906, 43.64674377441406, 42.0070686340332, 43.3316764831543, 45.29403305053711, 44.2397346496582, 43.81212615966797, 42.241268157958984, 43.21900939941406, 44.59761428833008, 40.281158447265625, 42.00444412231445, 43.31541442871094, 44.17462158203125, 44.55780792236328, 44.03916931152344, 44.446224212646484, 41.871707916259766], "mean_nn_test_loss": 43.273353576660156, "std_nn_test_loss": 1.3887850046157837, "svd_test_loss": [42.88493728637695, 43.12821960449219, 43.57042694091797, 44.03839874267578, 42.38857650756836, 43.69783020019531, 45.685733795166016, 44.59855270385742, 44.187461853027344, 42.607059478759766, 43.57748031616211, 44.984920501708984, 40.643951416015625, 42.3675422668457, 43.67210388183594, 44.515846252441406, 44.929969787597656, 44.40245819091797, 44.85836410522461, 42.24385070800781], "mean_svd_test_loss": 43.64918518066406, "std_svd_test_loss": 1.394458532333374, "_wandb": {"runtime": 360}}