{"nn_train_loss": [30.638883590698242, 28.536996841430664, 27.241647720336914, 26.37413787841797, 26.05669403076172, 24.412954330444336, 25.620460510253906, 24.01194190979004, 23.382108688354492, 21.834579467773438, 20.74982452392578, 21.695314407348633, 20.25235366821289, 20.257959365844727, 19.64180564880371, 19.78453254699707, 19.94434356689453, 20.760211944580078, 20.906333923339844, 20.364540100097656], "mean_nn_train_loss": 23.123381233215333, "std_nn_train_loss": 10.397549239716357, "_timestamp": 1647479100, "_runtime": 697, "_step": 3, "svd_train_loss": [39.186912536621094, 38.123050689697266, 36.707393646240234, 34.782405853271484, 33.45930862426758, 31.420669555664062, 32.545806884765625, 31.478071212768555, 31.2064208984375, 29.784608840942383, 28.41250228881836, 30.418848037719727, 28.53784942626953, 28.24368667602539, 26.678117752075195, 25.323246002197266, 25.255367279052734, 25.17477035522461, 25.809452056884766, 24.315303802490234], "mean_svd_train_loss": 30.34318962097168, "std_svd_train_loss": 18.826846714077547, "nn_test_loss": [33.39189529418945, 31.159563064575195, 29.671743392944336, 29.265756607055664, 28.605112075805664, 27.073822021484375, 28.522241592407227, 26.447046279907227, 25.381105422973633, 23.56310272216797, 22.160587310791016, 22.964439392089844, 21.247053146362305, 21.2888126373291, 20.35224723815918, 20.568437576293945, 20.75519371032715, 21.5968017578125, 21.58640480041504, 21.029626846313477], "mean_nn_test_loss": 24.83155059814453, "std_nn_test_loss": 16.007320404052734, "svd_test_loss": [41.750240325927734, 40.51896667480469, 39.113033294677734, 36.94109344482422, 35.33330154418945, 33.10152816772461, 34.18471145629883, 32.56459045410156, 32.32130813598633, 31.007020950317383, 29.655370712280273, 31.382156372070312, 29.348262786865234, 29.035669326782227, 27.158672332763672, 25.60457992553711, 25.62047576904297, 25.4488468170166, 26.11817169189453, 24.4893856048584], "mean_svd_test_loss": 31.534866333007812, "std_svd_test_loss": 25.874347686767578, "_wandb": {"runtime": 699}}