{"nn_train_loss": [24.06809425354004, 22.888158798217773, 24.809349060058594, 23.10402488708496, 24.406387329101562, 23.48128890991211, 23.893247604370117, 22.88326072692871, 23.289339065551758, 23.170331954956055, 22.998605728149414, 25.91463279724121, 24.354389190673828, 24.139551162719727, 26.08306884765625, 22.903121948242188, 24.368825912475586, 24.47226333618164, 23.736085891723633, 23.961959838867188], "mean_nn_train_loss": 23.946299362182618, "std_nn_train_loss": 0.8156614025503224, "_timestamp": 1647485877, "_runtime": 620, "_step": 3, "svd_train_loss": [21.06744956970215, 20.119482040405273, 21.555570602416992, 19.89916229248047, 21.382423400878906, 20.685075759887695, 20.51152229309082, 20.255813598632812, 20.351062774658203, 21.002761840820312, 19.755359649658203, 22.696693420410156, 21.153270721435547, 21.247039794921875, 22.204641342163086, 20.588756561279297, 21.426061630249023, 21.42799186706543, 20.382278442382812, 20.87358856201172], "mean_svd_train_loss": 20.92930030822754, "std_svd_train_loss": 0.5277168347100087, "nn_test_loss": [29.809310913085938, 27.986820220947266, 30.44045639038086, 28.24110984802246, 29.80673599243164, 28.726015090942383, 29.412839889526367, 27.898616790771484, 28.57605743408203, 28.342498779296875, 28.19560432434082, 31.761810302734375, 29.78744125366211, 29.432870864868164, 31.52890968322754, 28.0025691986084, 29.64382553100586, 30.0927791595459, 29.23063087463379, 29.23015594482422], "mean_nn_test_loss": 29.307353973388672, "std_nn_test_loss": 1.1675809621810913, "svd_test_loss": [21.42665672302246, 20.658803939819336, 22.07567596435547, 20.663305282592773, 21.853675842285156, 21.08041763305664, 21.086772918701172, 20.935035705566406, 20.68095588684082, 21.491790771484375, 20.27251625061035, 23.456462860107422, 21.811124801635742, 21.510887145996094, 22.855966567993164, 20.85494613647461, 21.897249221801758, 22.053258895874023, 20.83953285217285, 21.477096557617188], "mean_svd_test_loss": 21.449106216430664, "std_svd_test_loss": 0.5870695114135742, "_wandb": {"runtime": 622}}