{"eval_return": 334.2, "_runtime": 17, "_timestamp": 1633657775, "_step": 36140, "train_loss": 7.450907230377197, "gradients/layer2.bias": {"_type": "histogram", "values": [1.0, 0.0, 0.0, 0.0, 0.0, 0.0, 0.0, 0.0, 0.0, 0.0, 0.0, 0.0, 0.0, 0.0, 0.0, 0.0, 0.0, 0.0, 0.0, 0.0, 0.0, 0.0, 0.0, 0.0, 0.0, 0.0, 0.0, 0.0, 0.0, 0.0, 0.0, 0.0, 0.0, 0.0, 0.0, 0.0, 0.0, 0.0, 0.0, 0.0, 0.0, 0.0, 0.0, 0.0, 0.0, 0.0, 0.0, 0.0, 0.0, 0.0, 0.0, 0.0, 0.0, 0.0, 0.0, 0.0, 0.0, 0.0, 0.0, 0.0, 0.0, 0.0, 0.0, 1.0], "bins": [-0.2764769196510315, -0.2678370177745819, -0.2591971158981323, -0.25055721402168274, -0.24191729724407196, -0.23327739536762238, -0.2246374934911728, -0.2159975916147232, -0.20735767483711243, -0.19871777296066284, -0.19007787108421326, -0.18143796920776367, -0.1727980524301529, -0.1641581505537033, -0.15551824867725372, -0.14687834680080414, -0.13823844492435455, -0.12959854304790497, -0.12095863372087479, -0.1123187318444252, -0.10367882251739502, -0.09503892064094543, -0.08639901876449585, -0.07775911688804626, -0.06911921501159668, -0.060479309409856796, -0.05183940380811691, -0.04319950193166733, -0.034559596329927444, -0.02591969072818756, -0.017279788851737976, -0.008639883249998093, 2.9802322387695312e-08, 0.008639934472739697, 0.017279839143157005, 0.02591974288225174, 0.03455964848399162, 0.043199554085731506, 0.05183945596218109, 0.060479361563920975, 0.06911927461624146, 0.07775917649269104, 0.08639908581972122, 0.0950389876961708, 0.10367889702320099, 0.11231879889965057, 0.12095870077610016, 0.12959860265254974, 0.13823850452899933, 0.1468784064054489, 0.1555183082818985, 0.16415822505950928, 0.17279812693595886, 0.18143802881240845, 0.19007793068885803, 0.19871783256530762, 0.2073577344417572, 0.2159976363182068, 0.22463753819465637, 0.23327744007110596, 0.24191735684871674, 0.2505572438240051, 0.2591971755027771, 0.2678370773792267, 0.27647697925567627]}, "gradients/layer2.weight": {"_type": "histogram", "values": [1.0, 0.0, 0.0, 0.0, 0.0, 1.0, 0.0, 0.0, 0.0, 0.0, 0.0, 0.0, 0.0, 0.0, 1.0, 1.0, 0.0, 0.0, 0.0, 1.0, 1.0, 2.0, 2.0, 0.0, 2.0, 0.0, 2.0, 2.0, 0.0, 1.0, 2.0, 466.0, 8.0, 2.0, 1.0, 0.0, 2.0, 2.0, 0.0, 2.0, 0.0, 2.0, 2.0, 1.0, 1.0, 0.0, 0.0, 0.0, 1.0, 1.0, 0.0, 0.0, 0.0, 0.0, 0.0, 0.0, 0.0, 0.0, 1.0, 0.0, 0.0, 0.0, 0.0, 1.0], "bins": [-0.3505196273326874, -0.33956587314605713, -0.32861214876174927, -0.3176584243774414, -0.30670467019081116, -0.2957509160041809, -0.28479719161987305, -0.2738434672355652, -0.26288971304893494, -0.2519359588623047, -0.24098223447799683, -0.23002849519252777, -0.21907475590705872, -0.20812101662158966, -0.1971672773361206, -0.18621353805065155, -0.1752597987651825, -0.16430605947971344, -0.15335232019424438, -0.14239858090877533, -0.13144484162330627, -0.12049110233783722, -0.10953736305236816, -0.09858362376689911, -0.08762988448143005, -0.076676145195961, -0.06572240591049194, -0.05476866662502289, -0.04381492733955383, -0.03286118805408478, -0.021907448768615723, -0.010953709483146667, 0.0, 0.010953739285469055, 0.02190747857093811, 0.032861217856407166, 0.04381495714187622, 0.054768696427345276, 0.06572243571281433, 0.07667617499828339, 0.08762991428375244, 0.0985836535692215, 0.10953739285469055, 0.1204911321401596, 0.13144487142562866, 0.14239861071109772, 0.15335234999656677, 0.16430608928203583, 0.17525982856750488, 0.18621356785297394, 0.197167307138443, 0.20812104642391205, 0.2190747857093811, 0.23002852499485016, 0.2409822642803192, 0.25193601846694946, 0.2628897428512573, 0.2738434672355652, 0.28479722142219543, 0.2957509756088257, 0.30670469999313354, 0.3176584243774414, 0.32861217856407166, 0.3395659327507019, 0.35051965713500977]}, "gradients/layer1.bias": {"_type": "histogram", "values": [1.0, 0.0, 0.0, 0.0, 0.0, 0.0, 1.0, 1.0, 0.0, 1.0, 233.0, 1.0, 3.0, 0.0, 4.0, 2.0, 0.0, 2.0, 0.0, 0.0, 0.0, 1.0, 1.0, 0.0, 0.0, 0.0, 0.0, 0.0, 0.0, 0.0, 0.0, 0.0, 1.0, 0.0, 1.0, 1.0, 0.0, 0.0, 0.0, 0.0, 0.0, 0.0, 0.0, 0.0, 0.0, 0.0, 1.0, 0.0, 0.0, 0.0, 0.0, 0.0, 0.0, 0.0, 0.0, 0.0, 0.0, 0.0, 0.0, 0.0, 0.0, 0.0, 0.0, 1.0], "bins": [-0.11677345633506775, -0.105219267308712, -0.09366507828235626, -0.08211088180541992, -0.07055669277906418, -0.059002503752708435, -0.047448307275772095, -0.03589411824941635, -0.024339929223060608, -0.012785738334059715, -0.0012315474450588226, 0.01032264530658722, 0.021876834332942963, 0.033431023359298706, 0.044985219836235046, 0.05653940886259079, 0.06809359788894653, 0.07964778691530228, 0.09120197594165802, 0.10275617241859436, 0.1143103614449501, 0.12586455047130585, 0.1374187469482422, 0.14897292852401733, 0.16052713990211487, 0.1720813363790512, 0.18363551795482635, 0.1951897144317627, 0.20674389600753784, 0.21829809248447418, 0.22985228896141052, 0.24140647053718567, 0.2529606819152832, 0.26451486349105835, 0.2760690748691559, 0.28762325644493103, 0.2991774380207062, 0.3107316493988037, 0.32228583097457886, 0.333840012550354, 0.34539419412612915, 0.3569483757019043, 0.36850258708000183, 0.380056768655777, 0.3916109502315521, 0.40316516160964966, 0.4147193431854248, 0.42627352476119995, 0.4378277361392975, 0.44938191771507263, 0.46093612909317017, 0.4724903106689453, 0.48404449224472046, 0.4955986738204956, 0.5071529150009155, 0.5187070965766907, 0.5302612781524658, 0.541815459728241, 0.5533696413040161, 0.564923882484436, 0.5764780640602112, 0.5880322456359863, 0.5995864272117615, 0.6111406087875366, 0.6226947903633118]}, "gradients/layer1.weight": {"_type": "histogram", "values": [2.0, 1.0, 2.0, 5.0, 6.0, 14.0, 23.0, 27.0, 72.0, 285.0, 63613.0, 529.0, 254.0, 172.0, 80.0, 73.0, 59.0, 43.0, 43.0, 23.0, 23.0, 21.0, 16.0, 24.0, 13.0, 12.0, 18.0, 14.0, 2.0, 8.0, 7.0, 9.0, 5.0, 4.0, 2.0, 3.0, 3.0, 4.0, 1.0, 3.0, 4.0, 3.0, 3.0, 2.0, 1.0, 1.0, 0.0, 0.0, 0.0, 0.0, 0.0, 0.0, 0.0, 1.0, 0.0, 1.0, 0.0, 1.0, 0.0, 0.0, 0.0, 0.0, 0.0, 1.0], "bins": [-0.043616946786642075, -0.039433375000953674, -0.03524980694055557, -0.031066235154867172, -0.02688266523182392, -0.02269909530878067, -0.01851552352309227, -0.014331953600049019, -0.010148383677005768, -0.0059648132883012295, -0.0017812428995966911, 0.0024023279547691345, 0.0065858978778123856, 0.010769467800855637, 0.014953039586544037, 0.019136609509587288, 0.02332017943263054, 0.02750374935567379, 0.03168731927871704, 0.03587089106440544, 0.04005446285009384, 0.04423803091049194, 0.048421602696180344, 0.052605174481868744, 0.056788746267557144, 0.060972318053245544, 0.06515588611364365, 0.06933945417404175, 0.07352302968502045, 0.07770659774541855, 0.08189016580581665, 0.08607374131679535, 0.09025730192661285, 0.09444086998701096, 0.09862444549798965, 0.10280801355838776, 0.10699158161878586, 0.11117514967918396, 0.11535872519016266, 0.11954229325056076, 0.12372586131095886, 0.12790943682193756, 0.13209299743175507, 0.13627657294273376, 0.14046014845371246, 0.14464370906352997, 0.14882728457450867, 0.15301086008548737, 0.15719443559646606, 0.16137801110744476, 0.16556157171726227, 0.16974514722824097, 0.17392872273921967, 0.17811228334903717, 0.18229585886001587, 0.18647943437099457, 0.19066299498081207, 0.19484657049179077, 0.19903013110160828, 0.20321370661258698, 0.20739728212356567, 0.21158084273338318, 0.21576441824436188, 0.21994799375534058, 0.22413155436515808]}, "gradients/layer0.bias": {"_type": "histogram", "values": [1.0, 0.0, 0.0, 0.0, 0.0, 0.0, 1.0, 0.0, 0.0, 0.0, 1.0, 1.0, 0.0, 0.0, 0.0, 0.0, 0.0, 1.0, 1.0, 1.0, 1.0, 0.0, 1.0, 2.0, 2.0, 2.0, 2.0, 2.0, 1.0, 4.0, 1.0, 2.0, 5.0, 12.0, 19.0, 106.0, 34.0, 15.0, 5.0, 10.0, 1.0, 3.0, 3.0, 4.0, 3.0, 0.0, 1.0, 1.0, 0.0, 0.0, 2.0, 1.0, 0.0, 1.0, 0.0, 0.0, 0.0, 1.0, 0.0, 0.0, 0.0, 1.0, 0.0, 1.0],