{"eval_return": 9.5, "_runtime": 19, "_timestamp": 1633657304, "_step": 45380, "train_critic_loss": 1.0059814453125, "gradients/layer2.bias": {"_type": "histogram", "values": [1.0, 0.0, 0.0, 0.0, 0.0, 0.0, 0.0, 0.0, 0.0, 0.0, 0.0, 0.0, 0.0, 0.0, 0.0, 0.0, 0.0, 0.0, 0.0, 0.0, 0.0, 0.0, 0.0, 0.0, 0.0, 0.0, 0.0, 0.0, 0.0, 0.0, 0.0, 0.0, 0.0, 0.0, 0.0, 0.0, 0.0, 0.0, 0.0, 0.0, 0.0, 0.0, 0.0, 0.0, 0.0, 0.0, 0.0, 0.0, 0.0, 0.0, 0.0, 0.0, 0.0, 0.0, 0.0, 0.0, 0.0, 0.0, 0.0, 0.0, 0.0, 0.0, 0.0, 1.0], "bins": [-1.3086073398590088, -1.2881603240966797, -1.2677133083343506, -1.247266411781311, -1.226819396018982, -1.2063723802566528, -1.1859253644943237, -1.1654784679412842, -1.145031452178955, -1.124584436416626, -1.1041374206542969, -1.0836905241012573, -1.0632435083389282, -1.0427964925765991, -1.02234947681427, -1.0019025802612305, -0.9814555048942566, -0.9610084891319275, -0.9405615329742432, -0.9201145172119141, -0.8996675610542297, -0.8792205452919006, -0.8587735891342163, -0.8383265733718872, -0.8178795576095581, -0.797432541847229, -0.7769855856895447, -0.7565385699272156, -0.7360916137695312, -0.7156445980072021, -0.6951976418495178, -0.6747506260871887, -0.6543036699295044, -0.6338566541671753, -0.613409698009491, -0.5929626822471619, -0.5725157260894775, -0.5520687103271484, -0.5316217541694641, -0.511174738407135, -0.4907277524471283, -0.4702807664871216, -0.44983378052711487, -0.42938679456710815, -0.40893977880477905, -0.3884928226470947, -0.3680458068847656, -0.3475988209247589, -0.3271518349647522, -0.3067048490047455, -0.28625786304473877, -0.26581087708473206, -0.24536387622356415, -0.22491689026355743, -0.20446988940238953, -0.1840229034423828, -0.1635759174823761, -0.14312893152236938, -0.12268193811178207, -0.10223494470119476, -0.08178795874118805, -0.061340972781181335, -0.040893979370594025, -0.020446985960006714, 0.0]}, "gradients/layer2.weight": {"_type": "histogram", "values": [1.0, 0.0, 0.0, 0.0, 0.0, 0.0, 0.0, 0.0, 0.0, 0.0, 0.0, 0.0, 0.0, 0.0, 0.0, 0.0, 0.0, 0.0, 0.0, 0.0, 0.0, 0.0, 0.0, 0.0, 0.0, 0.0, 0.0, 0.0, 1.0, 2.0, 0.0, 0.0, 0.0, 1.0, 0.0, 0.0, 0.0, 0.0, 0.0, 1.0, 1.0, 0.0, 0.0, 0.0, 0.0, 1.0, 0.0, 2.0, 0.0, 2.0, 0.0, 0.0, 0.0, 2.0, 0.0, 1.0, 0.0, 1.0, 0.0, 1.0, 0.0, 3.0, 1.0, 39.0], "bins": [-0.5619829297065735, -0.5532019734382629, -0.5444209575653076, -0.5356400012969971, -0.5268589854240417, -0.5180780291557312, -0.5092970132827759, -0.5005160570144653, -0.4917350709438324, -0.48295408487319946, -0.47417309880256653, -0.4653921127319336, -0.45661112666130066, -0.4478301405906677, -0.4390491843223572, -0.43026819825172424, -0.4214872121810913, -0.4127062261104584, -0.40392524003982544, -0.3951442539691925, -0.38636326789855957, -0.377582311630249, -0.3688012957572937, -0.36002033948898315, -0.35123932361602783, -0.3424583375453949, -0.33367735147476196, -0.32489636540412903, -0.3161153793334961, -0.30733442306518555, -0.2985534071922302, -0.2897724509239197, -0.28099146485328674, -0.2722104787826538, -0.2634294927120209, -0.25464850664138794, -0.2458675354719162, -0.23708654940128326, -0.22830556333065033, -0.2195245772600174, -0.21074360609054565, -0.20196262001991272, -0.19318163394927979, -0.18440064787864685, -0.1756196767091751, -0.16683869063854218, -0.15805770456790924, -0.1492767184972763, -0.14049573242664337, -0.13171474635601044, -0.1229337677359581, -0.11415278166532516, -0.10537180304527283, -0.09659081697463989, -0.08780983090400696, -0.07902884483337402, -0.07024786621332169, -0.06146688386797905, -0.052685901522636414, -0.04390491545200348, -0.03512393310666084, -0.026342950761318207, -0.017561964690685272, -0.008780982345342636, 0.0]}, "gradients/layer1.bias": {"_type": "histogram", "values": [1.0, 0.0, 0.0, 0.0, 0.0, 1.0, 1.0, 0.0, 0.0, 0.0, 0.0, 0.0, 0.0, 0.0, 0.0, 2.0, 0.0, 0.0, 1.0, 0.0, 0.0, 1.0, 0.0, 0.0, 0.0, 0.0, 0.0, 1.0, 1.0, 0.0, 0.0, 0.0, 0.0, 3.0, 7.0, 1.0, 0.0, 1.0, 3.0, 2.0, 0.0, 0.0, 2.0, 0.0, 0.0, 0.0, 0.0, 0.0, 1.0, 0.0, 0.0, 0.0, 0.0, 0.0, 0.0, 0.0, 0.0, 0.0, 0.0, 0.0, 0.0, 0.0, 0.0, 1.0], "bins": [-0.18790128827095032, -0.18244165182113647, -0.17698200047016144, -0.1715223640203476, -0.16606271266937256, -0.16060307621955872, -0.15514343976974487, -0.14968380331993103, -0.144224151968956, -0.13876451551914215, -0.13330486416816711, -0.12784522771835327, -0.12238558381795883, -0.11692593991756439, -0.11146630346775055, -0.10600665956735611, -0.10054701566696167, -0.09508737176656723, -0.08962772786617279, -0.08416809141635895, -0.07870844751596451, -0.07324880361557007, -0.06778916716575623, -0.062329523265361786, -0.056869879364967346, -0.051410235464572906, -0.045950595289468765, -0.040490955114364624, -0.035031311213970184, -0.029571669176220894, -0.024112027138471603, -0.018652386963367462, -0.013192743062973022, -0.007733101025223732, -0.0022734589874744415, 0.003186183050274849, 0.00864582508802414, 0.01410546712577343, 0.01956510916352272, 0.02502474933862686, 0.0304843932390213, 0.03594403713941574, 0.04140367731451988, 0.04686331748962402, 0.05232296139001846, 0.0577826052904129, 0.06324224174022675, 0.06870188564062119, 0.07416152954101562, 0.07962117344141006, 0.0850808173418045, 0.09054045379161835, 0.09600009769201279, 0.10145974159240723, 0.10691937804222107, 0.11237902194261551, 0.11783866584300995, 0.12329830974340439, 0.12875795364379883, 0.13421759009361267, 0.1396772265434265, 0.14513687789440155, 0.1505965143442154, 0.15605616569519043, 0.16151580214500427]}, "gradients/layer1.weight": {"_type": "histogram", "values": [1.0, 0.0, 0.0, 1.0, 0.0, 1.0, 0.0, 0.0, 0.0, 0.0, 1.0, 0.0, 1.0, 0.0, 1.0, 1.0, 2.0, 0.0, 3.0, 1.0, 1.0, 1.0, 8.0, 2.0, 11.0, 4.0, 8.0, 10.0, 14.0, 12.0, 10.0, 15.0, 13.0, 48.0, 578.0, 71.0, 26.0, 18.0, 8.0, 8.0, 4.0, 2.0, 3.0, 2.0, 3.0, 2.0, 1.0, 0.0, 0.0, 2.0, 0.0, 0.0, 1.0, 0.0, 0.0, 0.0, 0.0, 0.0, 0.0, 0.0, 0.0, 0.0, 0.0, 1.0], "bins": [-0.15579837560653687, -0.15127511322498322, -0.14675185084342957, -0.14222858846187592, -0.13770532608032227, -0.1331820785999298, -0.12865881621837616, -0.12413555383682251, -0.11961229145526886, -0.11508902907371521, -0.11056576669216156, -0.10604251176118851, -0.10151924937963486, -0.09699598699808121, -0.09247273206710815, -0.0879494696855545, -0.08342620730400085, -0.0789029449224472, -0.07437968254089355, -0.0698564276099205, -0.06533316522836685, -0.0608099028468132, -0.05628664419054985, -0.0517633855342865, -0.04724012315273285, -0.0427168607711792, -0.03819360211491585, -0.033670343458652496, -0.029147081077098846, -0.024623820558190346, -0.020100560039281845, -0.015577301383018494, -0.011054053902626038, -0.006530793383717537, -0.0020075328648090363, 0.0025157276540994644, 0.007038988173007965, 0.011562248691916466, 0.016085509210824966, 0.020608767867088318, 0.025132030248641968, 0.02965529076755047, 0.03417855128645897, 0.03870180994272232, 0.04322507232427597, 0.04774833470582962, 0.05227159336209297, 0.05679485201835632, 0.06131811439990997, 0.06584137678146362, 0.07036463916301727, 0.07488789409399033, 0.07941115647554398, 0.08393441885709763, 0.08845767378807068, 0.09298093616962433, 0.09750419855117798, 0.10202746093273163, 0.10655072331428528, 0.11107397824525833, 0.11559724062681198, 0.12012050300836563, 0.12464375793933868, 0.12916702032089233, 0.13369028270244598]}, "gradients/layer0.bias": {"_type": "histogram", "values": [1.0, 0.0, 1.0, 1.0, 0.0, 0.0, 0.0, 0.0, 0.0, 0.0, 1.0, 0.0, 0.0, 0.0, 0.0, 1.0, 0.0, 0.0, 0.0, 0.0, 0.0, 0.0, 1.0, 1.0, 0.0, 1.0, 1.0, 3.0, 7.0, 1.0, 2.0, 0.0, 1.0, 0.0, 0.0, 0.0, 2.0, 0.0, 1.0, 2.0, 0.0, 0.0, 0.0, 0.0, 0.0, 0.0, 0.0, 0.0, 0.0, 1.0, 0.0, 0.0, 0.0, 0.0, 0.0, 0.0, 0.0, 0.0, 0.0, 0.0, 0.0, 0.0, 0.0, 1.0],