{"nn_train_loss": [31.95371437072754, 35.19804000854492, 33.60164260864258, 32.77910614013672, 32.18247604370117, 32.229026794433594, 31.370973587036133, 32.86093521118164, 31.016477584838867, 30.625001907348633, 36.26669692993164, 32.33558654785156, 33.94921112060547, 32.80635452270508, 35.378902435302734, 33.000247955322266, 32.52523422241211, 31.76289939880371, 33.18996810913086, 32.91814422607422], "mean_nn_train_loss": 32.89753198623657, "std_nn_train_loss": 1.9573347884677332, "_timestamp": 1647578995, "_runtime": 358, "_step": 3, "svd_train_loss": [41.9478874206543, 45.7047119140625, 43.208106994628906, 42.90617752075195, 41.54245376586914, 42.307403564453125, 40.8503532409668, 42.44404220581055, 40.592018127441406, 39.94593811035156, 47.57419967651367, 42.26361846923828, 43.92829513549805, 42.541622161865234, 45.94113540649414, 42.39078140258789, 42.38166427612305, 41.60197067260742, 42.93990707397461, 42.66769027709961], "mean_svd_train_loss": 42.78399887084961, "std_svd_train_loss": 3.2105476984192505, "nn_test_loss": [31.92562484741211, 35.312625885009766, 33.88453674316406, 32.7049674987793, 32.330684661865234, 32.10771560668945, 31.44699478149414, 33.03396987915039, 31.018564224243164, 30.704463958740234, 36.420326232910156, 32.44831085205078, 34.007022857666016, 32.9039306640625, 35.51504135131836, 33.144046783447266, 32.646148681640625, 31.795520782470703, 33.25889587402344, 32.88747787475586], "mean_nn_test_loss": 32.9748420715332, "std_nn_test_loss": 2.062009334564209, "svd_test_loss": [41.84370422363281, 45.828128814697266, 43.41123962402344, 42.79689025878906, 41.6767692565918, 42.04660415649414, 40.85646438598633, 42.56780242919922, 40.44263458251953, 39.916446685791016, 47.6910285949707, 42.29421615600586, 43.91044616699219, 42.651580810546875, 46.073638916015625, 42.56960678100586, 42.40520477294922, 41.5734977722168, 43.00520324707031, 42.61775207519531], "mean_svd_test_loss": 42.808937072753906, "std_svd_test_loss": 3.3963515758514404, "_wandb": {"runtime": 359}}