{"nn_train_loss": [28.95953369140625, 27.936687469482422, 29.11717987060547, 26.11898422241211, 28.243587493896484, 28.384729385375977, 27.912839889526367, 28.266338348388672, 26.7480411529541, 27.958887100219727, 27.026466369628906, 27.265485763549805, 28.292171478271484, 28.640348434448242, 27.967260360717773, 28.322471618652344, 28.091352462768555, 27.531429290771484, 27.348602294921875, 27.245925903320312], "mean_nn_train_loss": 27.86891613006592, "std_nn_train_loss": 0.5265470140857722, "_timestamp": 1647495370, "_runtime": 663, "_step": 3, "svd_train_loss": [39.06840515136719, 36.54050827026367, 39.624202728271484, 35.244998931884766, 36.8885612487793, 38.1185188293457, 37.42549514770508, 37.94169235229492, 36.51572036743164, 36.90730285644531, 36.173011779785156, 37.777469635009766, 37.070648193359375, 38.057857513427734, 38.04673385620117, 37.947383880615234, 37.219024658203125, 36.565311431884766, 37.401573181152344, 36.99093246459961], "mean_svd_train_loss": 37.37626762390137, "std_svd_train_loss": 0.9501343619923865, "nn_test_loss": [32.32801055908203, 31.47144889831543, 32.634456634521484, 29.273075103759766, 31.60120391845703, 31.922040939331055, 31.240760803222656, 31.6751708984375, 30.12949562072754, 31.088956832885742, 30.213848114013672, 30.91967010498047, 31.734867095947266, 32.018577575683594, 31.56139373779297, 31.90574836730957, 31.527889251708984, 30.87042999267578, 31.007339477539062, 30.37529754638672], "mean_nn_test_loss": 31.27498435974121, "std_nn_test_loss": 0.6320855021476746, "svd_test_loss": [42.087257385253906, 39.81907653808594, 42.637325286865234, 37.998104095458984, 39.91092300415039, 41.40679168701172, 40.35267639160156, 41.09617614746094, 39.52500915527344, 39.60379409790039, 38.9227294921875, 41.11702346801758, 39.89989471435547, 40.72186279296875, 41.361549377441406, 41.042030334472656, 40.219512939453125, 39.46979904174805, 40.708133697509766, 40.12379837036133], "mean_svd_test_loss": 40.40117645263672, "std_svd_test_loss": 1.1277153491973877, "_wandb": {"runtime": 665}}