{"nn_train_loss": [21.87787437438965, 21.791696548461914, 22.645238876342773, 22.382856369018555, 22.638059616088867, 22.999439239501953, 21.870914459228516, 21.75266456604004, 21.553096771240234, 21.108720779418945, 21.667142868041992, 21.58054542541504, 22.62295150756836, 24.101823806762695, 22.23275375366211, 23.27733612060547, 21.416484832763672, 21.675874710083008, 21.745746612548828, 21.774633407592773], "mean_nn_train_loss": 22.13579273223877, "std_nn_train_loss": 0.503478680355147, "_timestamp": 1647577338, "_runtime": 439, "_step": 3, "svd_train_loss": [35.474510192871094, 35.92131042480469, 36.838470458984375, 38.010414123535156, 36.91117477416992, 39.31135940551758, 36.83921813964844, 38.92298889160156, 35.68687438964844, 34.60124969482422, 35.43151092529297, 34.67025375366211, 37.262184143066406, 41.49901580810547, 41.9713249206543, 37.1126708984375, 33.21064376831055, 34.88148498535156, 37.607139587402344, 35.97540283203125], "mean_svd_train_loss": 36.906960105896, "std_svd_train_loss": 4.705358573786034, "nn_test_loss": [22.21737289428711, 21.91800880432129, 22.875951766967773, 22.554540634155273, 22.864198684692383, 23.27179527282715, 22.009567260742188, 21.957780838012695, 21.845680236816406, 21.23670768737793, 21.84169578552246, 21.84117889404297, 22.856403350830078, 24.338613510131836, 22.340688705444336, 23.515478134155273, 21.64754295349121, 21.846548080444336, 21.921283721923828, 21.93233871459961], "mean_nn_test_loss": 22.341670989990234, "std_nn_test_loss": 0.5295374989509583, "svd_test_loss": [35.415218353271484, 35.71613311767578, 37.032249450683594, 38.11135482788086, 37.427024841308594, 39.54063034057617, 36.77066421508789, 40.08424758911133, 36.096595764160156, 34.545654296875, 35.45937728881836, 34.59970474243164, 37.264835357666016, 41.7850227355957, 42.01852798461914, 37.11674880981445, 33.52820587158203, 35.11454772949219, 37.51987838745117, 35.80343246459961], "mean_svd_test_loss": 37.04750442504883, "std_svd_test_loss": 5.100212574005127, "_wandb": {"runtime": 439}}