{"nn_train_loss": [16.843387603759766, 18.43585205078125, 17.729230880737305, 18.968664169311523, 20.277860641479492, 20.420425415039062, 19.79183006286621, 20.458627700805664, 22.287109375, 20.402204513549805, 18.494598388671875, 17.68674659729004, 19.13225555419922, 20.621618270874023, 15.902172088623047, 17.025733947753906, 19.269132614135742, 16.92559242248535, 17.89038848876953, 19.062088012695312], "mean_nn_train_loss": 18.881275939941407, "std_nn_train_loss": 2.4605858976455783, "_timestamp": 1647492082, "_runtime": 673, "_step": 3, "svd_train_loss": [21.001562118530273, 20.393672943115234, 21.033037185668945, 21.403911590576172, 20.374143600463867, 20.774612426757812, 22.277793884277344, 20.912508010864258, 21.04499053955078, 21.011821746826172, 20.698165893554688, 21.2648983001709, 21.36678123474121, 20.833309173583984, 20.828624725341797, 20.530784606933594, 20.83728790283203, 20.267919540405273, 19.923927307128906, 20.936439514160156], "mean_svd_train_loss": 20.88580961227417, "std_svd_train_loss": 0.23268325212312443, "nn_test_loss": [18.718080520629883, 20.943723678588867, 19.533496856689453, 21.36117172241211, 23.628583908081055, 23.663707733154297, 22.330652236938477, 23.352258682250977, 26.943586349487305, 23.81658363342285, 21.062240600585938, 19.692489624023438, 21.451459884643555, 24.070528030395508, 17.423091888427734, 19.088470458984375, 22.192033767700195, 18.642108917236328, 19.9566707611084, 21.540372848510742], "mean_nn_test_loss": 21.47056770324707, "std_nn_test_loss": 5.189272880554199, "svd_test_loss": [21.690319061279297, 20.925504684448242, 21.456100463867188, 21.779621124267578, 20.811017990112305, 21.444807052612305, 22.876220703125, 21.501985549926758, 21.57633399963379, 21.606164932250977, 21.151765823364258, 21.8338565826416, 21.939435958862305, 21.393413543701172, 21.428531646728516, 21.217487335205078, 21.416231155395508, 20.67765998840332, 20.388893127441406, 21.470643997192383], "mean_svd_test_loss": 21.42930030822754, "std_svd_test_loss": 0.2588016092777252, "_wandb": {"runtime": 674}}