{"nn_train_loss": [22.51708984375, 17.437496185302734, 17.348514556884766, 18.495607376098633, 19.022525787353516, 18.425241470336914, 19.247934341430664, 19.208110809326172, 19.956127166748047, 19.482309341430664, 20.475679397583008, 20.7207088470459, 19.81938934326172, 20.14565658569336, 20.0777530670166, 20.044599533081055, 19.791088104248047, 20.57010269165039, 20.19389533996582, 20.685937881469727], "mean_nn_train_loss": 19.683288383483887, "std_nn_train_loss": 1.3385942286800492, "_timestamp": 1647476419, "_runtime": 691, "_step": 3, "svd_train_loss": [26.89229965209961, 21.430721282958984, 21.02025604248047, 21.411470413208008, 21.17304229736328, 20.07794189453125, 21.280494689941406, 20.76662826538086, 21.964557647705078, 20.770408630371094, 21.79113006591797, 21.594783782958984, 20.92721939086914, 21.764432907104492, 20.89727783203125, 21.272491455078125, 20.694520950317383, 21.77610969543457, 21.396268844604492, 22.000471115112305], "mean_svd_train_loss": 21.545126342773436, "std_svd_train_loss": 1.7317642759359297, "nn_test_loss": [26.430532455444336, 19.393064498901367, 19.24651336669922, 20.568096160888672, 21.201963424682617, 20.56694221496582, 21.039976119995117, 21.119155883789062, 22.03611946105957, 21.40520477294922, 22.400283813476562, 22.603872299194336, 21.25169563293457, 22.02034568786621, 21.968700408935547, 21.711328506469727, 21.341197967529297, 22.420419692993164, 21.774944305419922, 22.361148834228516], "mean_nn_test_loss": 21.64307403564453, "std_nn_test_loss": 2.010721445083618, "svd_test_loss": [28.82667350769043, 21.8900089263916, 21.44381332397461, 21.583526611328125, 21.477088928222656, 20.317747116088867, 21.4477596282959, 21.057050704956055, 22.214656829833984, 20.99567222595215, 22.155553817749023, 21.744873046875, 20.981504440307617, 22.269485473632812, 21.331716537475586, 21.581315994262695, 21.06254768371582, 22.217872619628906, 21.608684539794922, 22.28899383544922], "mean_svd_test_loss": 21.924827575683594, "std_svd_test_loss": 2.766084909439087, "_wandb": {"runtime": 692}}