{"nn_train_loss": [21.92112922668457, 22.67393684387207, 20.357080459594727, 21.8588924407959, 20.884275436401367, 21.785314559936523, 22.455169677734375, 22.89393424987793, 21.7677001953125, 20.526872634887695, 21.75039291381836, 22.820100784301758, 21.163175582885742, 21.6495361328125, 22.923452377319336, 21.151508331298828, 20.99818992614746, 22.30297088623047, 22.358097076416016, 21.03702735900879], "mean_nn_train_loss": 21.763937854766844, "std_nn_train_loss": 0.5933966591508488, "_timestamp": 1647576894, "_runtime": 473, "_step": 3, "svd_train_loss": [43.845359802246094, 46.293460845947266, 40.316650390625, 44.716697692871094, 43.19190216064453, 43.17347717285156, 46.06616973876953, 47.07512664794922, 43.635440826416016, 41.712642669677734, 44.67464828491211, 46.366188049316406, 45.050086975097656, 44.2974967956543, 45.84808349609375, 44.09287643432617, 44.915557861328125, 44.39588928222656, 45.144287109375, 42.32132339477539], "mean_svd_train_loss": 44.35666828155517, "std_svd_train_loss": 2.65192128680279, "nn_test_loss": [22.206893920898438, 22.814071655273438, 20.635299682617188, 22.065061569213867, 20.934188842773438, 21.994266510009766, 22.612268447875977, 23.11691665649414, 21.90443229675293, 20.70403480529785, 21.859756469726562, 23.02729606628418, 21.34343147277832, 21.813472747802734, 23.08203125, 21.35997200012207, 21.23838233947754, 22.502416610717773, 22.51468276977539, 21.28231430053711], "mean_nn_test_loss": 21.950559616088867, "std_nn_test_loss": 0.585202693939209, "svd_test_loss": [44.16655731201172, 46.20576477050781, 40.393489837646484, 44.90739059448242, 42.96034240722656, 43.19082260131836, 46.03411102294922, 47.14411163330078, 43.55033493041992, 41.56533432006836, 44.74371337890625, 46.28715896606445, 45.12672805786133, 44.038368225097656, 45.76652526855469, 44.235958099365234, 44.882659912109375, 44.639251708984375, 45.015621185302734, 42.44370651245117], "mean_svd_test_loss": 44.364898681640625, "std_svd_test_loss": 2.641082525253296, "_wandb": {"runtime": 474}}