{"nn_train_loss": [23.410442352294922, 25.36679458618164, 24.32728385925293, 22.65378761291504, 22.473236083984375, 24.93120574951172, 23.05333137512207, 23.042882919311523, 24.030494689941406, 23.776918411254883, 23.712078094482422, 23.530689239501953, 24.096315383911133, 23.19314193725586, 24.58266258239746, 23.445642471313477, 24.396696090698242, 21.861635208129883, 24.349105834960938, 23.78171730041504], "mean_nn_train_loss": 23.700803089141846, "std_nn_train_loss": 0.695779230513026, "_timestamp": 1647490210, "_runtime": 592, "_step": 3, "svd_train_loss": [20.246219635009766, 21.83112907409668, 21.779502868652344, 19.615768432617188, 19.832799911499023, 22.072450637817383, 20.359943389892578, 19.88200569152832, 20.339725494384766, 20.489173889160156, 21.411441802978516, 20.317445755004883, 20.945903778076172, 19.790128707885742, 21.450698852539062, 20.200801849365234, 20.554813385009766, 18.90311622619629, 21.248767852783203, 21.49405288696289], "mean_svd_train_loss": 20.638294506073, "std_svd_train_loss": 0.6939936929554369, "nn_test_loss": [28.462413787841797, 30.843158721923828, 29.928852081298828, 27.56972885131836, 27.848188400268555, 30.689619064331055, 28.313983917236328, 28.448047637939453, 29.287256240844727, 28.633272171020508, 29.08232879638672, 28.74176788330078, 29.50821876525879, 28.35550880432129, 29.981229782104492, 28.388216018676758, 29.884418487548828, 26.831815719604492, 30.098337173461914, 28.968036651611328], "mean_nn_test_loss": 28.993215560913086, "std_nn_test_loss": 1.0271152257919312, "svd_test_loss": [20.759368896484375, 22.231151580810547, 22.061870574951172, 19.997840881347656, 20.399396896362305, 22.339872360229492, 20.961753845214844, 20.60190773010254, 20.72163963317871, 21.181047439575195, 21.997241973876953, 20.75423240661621, 21.53666114807129, 20.127761840820312, 22.004364013671875, 20.803035736083984, 20.82892417907715, 19.614938735961914, 21.55134391784668, 21.972129821777344], "mean_svd_test_loss": 21.122323989868164, "std_svd_test_loss": 0.6090183258056641, "_wandb": {"runtime": 593}}