{"nn_train_loss": [26.347688674926758, 25.13800048828125, 25.721012115478516, 25.695768356323242, 25.124771118164062, 23.315126419067383, 26.427316665649414, 24.815723419189453, 27.46327018737793, 24.89203453063965, 26.586519241333008, 24.911380767822266, 25.45551109313965, 26.19730567932129, 23.988666534423828, 25.51184844970703, 26.64641571044922, 26.58513641357422, 25.54224395751953, 25.505104064941406], "mean_nn_train_loss": 25.593542194366456, "std_nn_train_loss": 0.9010770620310631, "_timestamp": 1647483914, "_runtime": 636, "_step": 3, "svd_train_loss": [45.713985443115234, 42.850929260253906, 42.800777435302734, 45.33620834350586, 43.892967224121094, 41.235015869140625, 46.22195816040039, 42.75590896606445, 47.90015411376953, 44.27632141113281, 46.6613655090332, 44.51139831542969, 46.2633171081543, 44.68460464477539, 42.53080368041992, 42.49981689453125, 44.56951904296875, 45.16129684448242, 44.64466857910156, 44.04166793823242], "mean_svd_train_loss": 44.42763423919678, "std_svd_train_loss": 2.634417575110092, "nn_test_loss": [29.176837921142578, 27.698179244995117, 28.23650360107422, 28.445985794067383, 28.029041290283203, 25.787290573120117, 29.23241424560547, 27.285907745361328, 30.604320526123047, 27.734716415405273, 29.327367782592773, 27.46985626220703, 28.218082427978516, 29.017011642456055, 26.54778480529785, 28.244571685791016, 29.40007209777832, 29.324647903442383, 28.350744247436523, 28.035900115966797], "mean_nn_test_loss": 28.308361053466797, "std_nn_test_loss": 1.13702392578125, "svd_test_loss": [45.684226989746094, 42.82912826538086, 42.507110595703125, 45.320735931396484, 43.775203704833984, 41.14110565185547, 46.27788162231445, 42.70712661743164, 47.72963333129883, 44.79130172729492, 46.30703353881836, 44.26959228515625, 46.30892562866211, 44.76131820678711, 42.273193359375, 42.22600173950195, 44.82514572143555, 44.81855773925781, 44.543968200683594, 44.48326873779297], "mean_svd_test_loss": 44.37902069091797, "std_svd_test_loss": 2.7121481895446777, "_wandb": {"runtime": 637}}