{"nn_train_loss": [24.30280876159668, 24.626306533813477, 25.0156192779541, 24.47747039794922, 24.032161712646484, 26.559715270996094, 24.88051986694336, 25.130189895629883, 24.55032730102539, 23.9357967376709, 24.864116668701172, 25.669179916381836, 25.48332405090332, 24.918617248535156, 26.16145133972168, 24.477481842041016, 23.5139217376709, 27.23763656616211, 25.082122802734375, 26.677846908569336], "mean_nn_train_loss": 25.079830741882326, "std_nn_train_loss": 0.8936386257628692, "_timestamp": 1647575407, "_runtime": 39793, "_step": 3, "svd_train_loss": [42.0060920715332, 44.50376892089844, 42.5525016784668, 43.403045654296875, 42.58804702758789, 46.885459899902344, 43.72840881347656, 45.057586669921875, 43.47311019897461, 42.06643295288086, 42.63178253173828, 43.70404815673828, 44.445831298828125, 42.903072357177734, 46.101951599121094, 42.11092758178711, 40.587764739990234, 46.822471618652344, 41.445404052734375, 45.397254943847656], "mean_svd_train_loss": 43.620748138427736, "std_svd_train_loss": 2.9384424450172815, "nn_test_loss": [26.991933822631836, 27.301654815673828, 27.69457244873047, 27.058612823486328, 26.605693817138672, 29.329927444458008, 27.704727172851562, 27.875080108642578, 27.174985885620117, 26.579866409301758, 27.735397338867188, 28.308937072753906, 28.432781219482422, 27.57025718688965, 28.986536026000977, 27.287275314331055, 26.035314559936523, 30.022890090942383, 27.493898391723633, 29.470863342285156], "mean_nn_test_loss": 27.78306007385254, "std_nn_test_loss": 1.0222727060317993, "svd_test_loss": [42.12294006347656, 43.90357971191406, 42.32859420776367, 43.31298065185547, 42.39359664916992, 46.910343170166016, 43.60713195800781, 44.93012619018555, 43.639556884765625, 41.733089447021484, 42.87550735473633, 43.806304931640625, 44.4715690612793, 42.65993118286133, 46.13047790527344, 42.121429443359375, 40.58033752441406, 46.84874725341797, 42.06499481201172, 45.39658737182617], "mean_svd_test_loss": 43.59189224243164, "std_svd_test_loss": 2.8849191665649414, "_wandb": {"runtime": 39794}}